Timestamp,Vehicle_ID,Status,Speed_KPH,Throttle,Brake,Steer,Heading,Latitude,Longitude,Altitude,Accel_X,Accel_Y,Accel_Z,Gyro_X,Gyro_Y,Gyro_Z,LiDAR_Points,Traffic_Light_State,Lane_Type
2025-04-11 14:47:54,d5a17951,Normal,7.209634299783964,0.8500000238418579,0.0,-0.09928546100854874,-0.7157288193702698,-0.00021964626674275678,-0.0005780880087572513,-0.011753997765481472,4.864215850830078,-0.3569951355457306,9.930356979370117,-0.0010945273097604513,0.0018837369279935956,-0.0940219834446907,5296,None,Driving
2025-04-11 14:47:55,31efc97b,Normal,11.237292320127278,0.8500000238418579,0.0,0.007927154190838337,-179.51791381835938,-0.00011638753022680248,-0.0007947884090065384,-0.009324264712631702,7.612800598144531,-0.027523653581738472,9.550516128540039,-0.09574093669652939,0.02724003978073597,-0.04552600905299187,5296,None,Driving
2025-04-11 14:47:56,2708115c,Normal,7.47083875181082,0.8500000238418579,0.0,0.010976248420774937,-89.07144165039062,0.0001378171407679929,-0.0009266919366644468,0.06635944545269012,2.4661126136779785,-0.021407127380371094,9.818370819091797,0.00011578889098018408,0.0005826994311064482,0.020059948787093163,5580,None,Driving
2025-04-11 14:47:57,77272e86,Normal,0.0006695561130296733,0.8500000238418579,0.0,0.024809150025248528,-89.35881805419922,0.00015336798020371134,-0.0009580508654600724,-0.029519958421587944,-0.02936575934290886,1.9186176359653473e-05,9.830037117004395,-5.804575266665779e-06,2.279447107866872e-05,2.2471240868071618e-08,5348,None,Driving
2025-04-11 14:47:58,1360a4b4,Normal,6.1464533558626515,0.8500000238418579,0.0,-0.00904814898967743,90.5027847290039,-0.000542878966385274,-0.0009968387558357559,-0.005867881700396538,1.0422126054763794,-0.013301491737365723,9.833858489990234,0.0005452116020023823,0.00502246618270874,-0.004862880799919367,4916,None,Driving
2025-04-11 14:47:58,59f8c9d8,Normal,15.467990361524272,0.8500000238418579,0.0,0.0,90.29562377929688,-0.0005426005388216026,-0.0010281282576459984,0.0035034941975027323,2.294471263885498,0.0004436969757080078,9.784987449645996,0.0017490658210590482,-0.00026581052225083113,-0.0001035180248436518,5116,None,Driving
2025-04-11 14:47:59,1ca93996,Normal,18.242000157281915,0.8500000238418579,0.0,-0.04554907605051994,88.57759094238281,-0.000695296386282962,-0.0009972168690424276,-0.001630058279260993,2.1365373134613037,-0.15149259567260742,9.715597152709961,-0.0008533818763680756,0.00012616143794730306,-0.053778357803821564,5896,None,Driving
2025-04-11 14:48:00,76b5f226,Normal,19.420843915867014,0.8235443234443665,0.0,-0.0016456834273412824,0.7616076469421387,0.0005182297136769876,-0.0001548518534996934,-0.0021607589442282915,0.05848946049809456,-0.03813772276043892,9.793771743774414,-0.00012214426533319056,-0.0034012263640761375,0.0018446639878675342,5236,None,Driving
2025-04-11 14:48:01,8dab9698,Irregular,10.037817764459376,0.0,1.0,0.0006220098002813756,90.32465362548828,8.649349882716706e-05,-0.0010211120884972952,-0.0069684600457549095,-5.267667770385742,-0.0051860809326171875,9.798725128173828,-9.489012882113457e-06,0.002061163540929556,0.0009025210165418684,5120,Red,Driving
2025-04-11 14:48:02,17f8c082,Normal,3.2917013345437716,0.0,1.0,0.0,90.86195373535156,0.00015870818671714915,-0.0009883352180426463,-0.002738151466473937,-17.14910888671875,0.02692413330078125,9.862458229064941,0.001590043306350708,0.09141288697719574,-0.018049314618110657,5212,None,Driving
2025-04-11 14:48:02,1f90958f,Normal,11.679455430022378,0.6202232837677002,0.0,-0.0006220098002813756,90.83928680419922,0.00017453296459279954,-0.0010196188942914303,0.03878143057227135,1.7380025386810303,-0.00044286251068115234,9.813100814819336,-7.05779530107975e-06,-0.0035805408842861652,-0.0008750717388466001,5952,None,Driving
2025-04-11 14:48:03,2ef6f877,Normal,20.880598194670153,0.0,0.17909526824951172,0.0015619019977748394,0.03810841962695122,-0.0012618094840917138,-0.0004005890452111911,-0.02875516749918461,-0.7617177367210388,0.007141106761991978,9.653952598571777,-0.0027659896295517683,-0.016787156462669373,0.0022881038021296263,4992,None,Driving
2025-04-11 14:48:04,11edccf7,Normal,17.996683539775454,0.8500000238418579,0.0,-0.009481512010097504,0.3785380423069,-0.0012304765989910038,-0.0003979216576913325,0.00037670135498046875,2.130403518676758,-0.031222548335790634,9.919713973999023,-0.0038145126309245825,-0.04561780393123627,-0.01992272585630417,5472,None,Driving
2025-04-11 14:48:04,ccbb2e0f,Normal,19.41043897059976,0.35536545515060425,0.0,0.0,-179.68162536621094,-0.0011691205520634185,-9.20725876370669e-05,0.010872497223317623,-1.611863374710083,-0.0010509975254535675,9.821977615356445,6.230031431186944e-06,0.010088689625263214,-0.00010699965059757233,5640,None,Driving
2025-04-11 14:48:05,a816aee1,Normal,23.354322563198732,0.0,0.699999988079071,0.00017573311924934387,-179.67010498046875,-0.0012006652134601836,-7.552952658802742e-05,0.0426877960562706,8.246707916259766,0.07755649089813232,9.810477256774902,-0.0001307940110564232,-0.002053499221801758,-0.05714968964457512,5568,None,Driving
2025-04-11 14:48:06,50f1fac4,Normal,19.906943676732627,0.6485864520072937,0.0,-0.00861426442861557,-1.244140625,-0.001236018969621,0.0005711740268101336,0.14176146686077118,0.32506561279296875,-0.05914532393217087,9.805034637451172,0.0005004119011573493,-0.0014141504652798176,-0.016715943813323975,4424,None,Driving
2025-04-11 14:48:08,d5a17951,Normal,6.570768315211633,0.8500000238418579,0.0,-0.17241212725639343,-48.50563430786133,-0.0001508417597335665,-0.00044312541024141495,-0.004403457511216402,-2.7990760803222656,-0.742531418800354,9.63239860534668,-0.012358639389276505,-0.00663648871704936,-0.16063407063484192,5472,None,Driving
2025-04-11 14:48:09,31efc97b,Normal,20.490076114037254,0.14648737013339996,0.0,0.1876409351825714,-102.71669006347656,-3.0803682108171415e-05,-0.0009541647362150662,-0.010914039798080921,-0.9989362359046936,1.3379586935043335,9.813851356506348,-0.008245041593909264,0.0029696281999349594,0.5335773229598999,5316,None,Driving
2025-04-11 14:48:10,2708115c,Normal,20.590965652787343,0.42911380529403687,0.0,0.05319919437170029,-71.78314971923828,0.00031411715235662996,-0.0009030161695365256,0.06750930845737457,0.4996282756328583,0.4078022241592407,9.808928489685059,-0.0043317703530192375,-0.0038362417835742235,0.17097793519496918,4920,None,Driving
2025-04-11 14:48:11,77272e86,Normal,20.004031984244893,0.5408230423927307,0.0,0.044602684676647186,-75.1833267211914,0.0002974646135811554,-0.0009405936453131464,-0.029423408210277557,-0.38744986057281494,0.33143898844718933,9.811333656311035,0.01904376968741417,-0.001634037122130394,0.11181879788637161,5068,None,Driving
2025-04-11 14:48:12,1360a4b4,Normal,19.93304425498399,0.5655653476715088,0.0,-0.024572176858782768,87.89208984375,-0.0007054450626355901,-0.00099634707844865,-0.004438171163201332,-0.47298887372016907,-0.14207997918128967,9.804920196533203,0.0037719635292887688,0.001928198616951704,-0.04053846374154091,5032,None,Driving
2025-04-11 14:48:13,59f8c9d8,Normal,20.220921718119413,0.6807435154914856,0.0,-0.017176929861307144,84.21621704101562,-0.0007462323542313243,-0.001024600160554636,0.0029010390862822533,0.551297664642334,-0.24078525602817535,9.812027931213379,-0.0032305559143424034,-0.0054066781885921955,-0.14638537168502808,5572,None,Driving
2025-04-11 14:48:14,1ca93996,Normal,20.644017612956773,0.15503022074699402,0.0,-0.041115209460258484,73.09110260009766,-0.000896419920536573,-0.0009619012189041211,-0.0034871292300522327,-0.3150617182254791,-0.15202896296977997,9.815205574035645,0.004870015662163496,-0.00031025055795907974,-0.061794355511665344,5528,None,Driving
2025-04-11 14:48:15,76b5f226,Normal,19.78005518859182,0.7886853814125061,0.0,-0.003874459769576788,0.40234440565109253,0.0005159352991626065,4.6473630711033544e-05,-0.0034613418392837048,0.1673518717288971,-0.02724117413163185,9.808563232421875,0.0005591213121078908,-0.00033468485344201326,-0.007127437740564346,5132,None,Driving
2025-04-11 14:48:15,8dab9698,Normal,0.0,0.0,1.0,0.0,90.33202362060547,8.258950738593285e-05,-0.0010211352536710953,-0.007172813173383474,-0.0019385202322155237,-1.5212572179734707e-06,9.8100004196167,0.0,0.0,0.0,4944,Red,Driving
2025-04-11 14:48:16,17f8c082,Normal,6.033951862941822e-07,0.0,1.0,0.00043982735951431096,90.84712219238281,0.00015857149162457063,-0.0009883391931316417,-0.0045007322914898396,0.0,-1.608955102483378e-08,9.8100004196167,-2.8182884648231266e-07,-2.521460373827722e-09,-2.753484723214128e-12,5696,None,Driving
2025-04-11 14:48:17,1f90958f,Normal,0.0,0.0,1.0,0.0,90.79505157470703,0.00016183166428618279,-0.0010198018169212304,0.03894554078578949,-0.0030253459699451923,-3.2049138098955154e-07,9.8100004196167,0.0,0.0,0.0,5056,None,Driving
2025-04-11 14:48:18,2ef6f877,Normal,18.72237960126593,0.8500000238418579,0.0,0.0037739495746791363,0.18013013899326324,-0.0012628553437110668,-0.0001934501389839038,-0.02821987122297287,-0.6000970005989075,0.002602927852421999,9.476957321166992,-0.0028597344644367695,0.002033826196566224,0.007059519644826651,5172,None,Driving
2025-04-11 14:48:19,11edccf7,Normal,20.805061585620994,0.2865355908870697,0.0,-0.0012301320675760508,0.7103517055511475,-0.001231311230611709,-0.00019941919772843234,0.0003758239618036896,-2.6475167274475098,-0.1387217491865158,9.972725868225098,0.005988491699099541,0.007767504546791315,0.09135271608829498,5240,None,Driving
2025-04-11 14:48:19,ccbb2e0f,Normal,19.35021154938882,0.8500000238418579,0.0,0.1204189881682396,-176.88516235351562,-0.0011668766828734078,-0.00027494647119489564,0.00957237184047699,3.1880433559417725,1.4278204441070557,9.829150199890137,0.020934736356139183,0.0011255524586886168,0.26076266169548035,5288,None,Driving
2025-04-11 14:48:20,a816aee1,Normal,14.465455738427526,0.8500000238418579,0.0,0.0,-179.65235900878906,-0.0011995499954053912,-0.0002597443430225979,0.042617376893758774,-0.23150382936000824,0.011402840726077557,9.809885025024414,4.3773201241492643e-07,-5.063450589659624e-05,-0.00618524057790637,5380,None,Driving
2025-04-11 14:48:21,50f1fac4,Normal,20.13878304862941,0.4495623707771301,0.0,-0.050596434623003006,-32.9533576965332,-0.0011753714480562394,0.0007735809665366345,0.14173255860805511,-0.058035802096128464,-0.43812039494514465,9.807154655456543,0.00048450936446897686,-0.0005157720297574997,-0.11508222669363022,4764,None,Driving
2025-04-11 14:48:23,d5a17951,Normal,20.36347615570281,0.5133711099624634,0.0,-0.0017745308578014374,-89.93280029296875,4.520077980885162e-05,-0.00040729906397124065,-0.007937125861644745,0.38223451375961304,0.1369372308254242,9.869424819946289,0.00019279029220342636,0.0046577658504247665,-0.04907593876123428,5220,None,Driving
2025-04-11 14:48:24,31efc97b,Normal,20.105874652898443,0.5072507858276367,0.0,0.005731423385441303,-82.45079803466797,0.00020480242773146529,-0.0009267373075078067,-0.010950126685202122,-0.054440006613731384,0.28540921211242676,9.809549331665039,0.00037382773007266223,8.186849299818277e-06,-0.01450809184461832,5548,None,Driving
2025-04-11 14:48:25,2708115c,Normal,19.35199202737631,0.4147113859653473,0.0,0.08126848191022873,-25.59137725830078,0.0004983644462868142,-0.0007438404472502251,0.06817157566547394,-0.8715857863426208,0.5858665108680725,9.783778190612793,-0.0062740580178797245,-0.001668423181399703,0.2193492352962494,5940,None,Driving
2025-04-11 14:48:25,77272e86,Normal,20.129274087350076,0.47074201703071594,0.0,0.06850676238536835,-34.37083053588867,0.0005025885609057923,-0.0007992344775117417,-0.029413985088467598,-0.3663015067577362,0.6106795072555542,9.815688133239746,0.009884318336844444,-0.002822012407705188,0.1713382452726364,6032,None,Driving
2025-04-11 14:48:26,1360a4b4,Normal,19.9650001475753,0.5922555327415466,0.0,-0.0878804549574852,67.60259246826172,-0.000952078088602093,-0.0009403577443420817,-0.0044625853188335896,-0.12322354316711426,-2.06425404548645,9.806439399719238,-0.012652530334889889,0.00027464935556054115,-0.13806535303592682,4840,None,Driving
2025-04-11 14:48:27,59f8c9d8,Normal,19.784374086102673,0.4498360753059387,0.0,0.016943415626883507,63.435302734375,-0.0009876155898211891,-0.0009574055303224939,0.0028846741188317537,-0.5172039270401001,-0.10987645387649536,9.805636405944824,0.009530887007713318,0.00745379226282239,-0.04853015020489693,4908,None,Driving
2025-04-11 14:48:28,1ca93996,Normal,20.49360772161751,0.23689931631088257,0.0,-0.09067092835903168,47.047306060791016,-0.0011171046621001324,-0.0008310621241287246,-0.003455314552411437,-0.5788612365722656,-0.42277801036834717,9.814641952514648,0.0030358198564499617,0.0003825956955552101,-0.11650096625089645,5180,None,Driving
2025-04-11 14:48:28,76b5f226,Normal,19.62562034386219,0.6915015578269958,0.0,0.0,-0.01666259951889515,0.000515718930927278,0.0002923108079045655,-0.003461112966760993,0.17502766847610474,0.005021314602345228,9.808534622192383,1.8621069102664478e-05,-0.0003574374131858349,-0.0007308706408366561,6140,None,Driving
2025-04-11 14:48:29,8dab9698,Normal,0.0,0.0,1.0,0.0,90.33202362060547,8.258950738593285e-05,-0.0010211352536710953,-0.007172813173383474,-0.0019385202322155237,-1.5212572179734707e-06,9.8100004196167,0.0,0.0,0.0,5100,Red,Driving
2025-04-11 14:48:30,17f8c082,Normal,2.7469115975934127e-07,0.0,1.0,0.00043982735951431096,90.84712219238281,0.00015857149162457063,-0.0009883391931316417,-0.0045007322914898396,0.0,-1.608955102483378e-08,9.8100004196167,5.7949067766571716e-09,2.4114288343923818e-09,1.619083231201024e-12,5164,None,Driving
2025-04-11 14:48:31,1f90958f,Normal,0.0,0.0,1.0,0.0,90.79505157470703,0.00016183166428618279,-0.0010198018169212304,0.03894554078578949,-0.0030253459699451923,-3.2049138098955154e-07,9.8100004196167,0.0,0.0,0.0,5672,None,Driving
2025-04-11 14:48:31,2ef6f877,Normal,19.12926195416128,0.8500000238418579,0.0,0.003198248101398349,0.7307122945785522,-0.0012646789500649902,4.8690205444017894e-05,-0.03133174777030945,-1.7392668724060059,0.06264953315258026,9.923497200012207,0.0005021464894525707,0.0006482540629804134,0.006268953904509544,5580,None,Driving
2025-04-11 14:48:32,11edccf7,Normal,20.348055985109884,0.41698381304740906,0.0,0.0034659726079553366,0.761342465877533,-0.001233200768595566,4.67220480722321e-05,0.0015648269327357411,0.05084472522139549,0.055226024240255356,9.805831909179688,0.0018192220013588667,-0.0012328618904575706,0.004476341884583235,5360,None,Driving
2025-04-11 14:48:33,ccbb2e0f,Normal,20.275203934765926,0.40448060631752014,0.0,0.0039847176522016525,-90.67076110839844,-0.0010002636376356122,-0.00040376490144235965,0.01076786033809185,-0.04674243927001953,-0.14348386228084564,9.814476013183594,-6.871204823255539e-05,0.0005715545848943293,0.10292761772871017,5076,None,Driving
2025-04-11 14:48:34,a816aee1,Normal,20.60928155762359,0.5875428915023804,0.0,0.0012311208993196487,-179.58929443359375,-0.0011981004586232302,-0.0004935144607777884,0.04275699704885483,2.003145933151245,-0.04432157427072525,9.809356689453125,7.12463806848973e-05,-0.0013848772505298257,0.05397903546690941,5320,None,Driving
2025-04-11 14:48:35,50f1fac4,Normal,20.23424198047891,0.46946680545806885,0.0,-0.07936456054449081,-67.70936584472656,-0.0009855664999633973,0.0009180007472563532,0.14172564446926117,-0.08362334966659546,-1.4157980680465698,9.806004524230957,-0.004360588733106852,-0.00034466851502656937,-0.1490577757358551,4628,None,Driving
2025-04-11 14:48:37,d5a17951,Normal,18.33577134659324,0.23355206847190857,0.0,0.0011660699965432286,-89.6334228515625,0.00027265885888994035,-0.00040638804896314136,-0.0071924589574337006,-1.0051164627075195,0.16349244117736816,9.92510986328125,-0.0002677701413631439,0.008598782122135162,-0.050806764513254166,5420,None,Driving
2025-04-11 14:48:37,31efc97b,Normal,20.118760852424433,0.5013700723648071,0.0,0.07246367633342743,-54.39083480834961,0.00041183395514110543,-0.0008501140403229294,-0.010948752984404564,-0.0560070276260376,0.7741015553474426,9.807982444763184,-0.0006903271423652768,0.00018300898955203593,0.19740509986877441,5060,None,Driving
2025-04-11 14:48:38,2708115c,Normal,3.5172448860876183e-06,0.0,1.0,0.04333791881799698,-3.218018054962158,0.0005205185082246544,-0.0006385821467357291,0.06759895384311676,-5.225122094998369e-06,-1.9536057607183466e-06,9.8100004196167,9.399363989359699e-07,-9.534007006095635e-08,-2.2140821120952836e-10,5452,Red,Driving
2025-04-11 14:48:39,77272e86,Normal,0.0026377254622780904,0.0,1.0,0.030358366668224335,-2.9316108226776123,0.0005515861589344695,-0.0006366261288059828,-0.029382171109318733,0.014044363051652908,-0.003758878679946065,9.81850814819336,-0.0020398807246237993,0.010890667326748371,-2.2967036784393713e-05,4844,Red,Driving
2025-04-11 14:48:40,1360a4b4,Normal,1.981979720166819,0.0,1.0,0.02206445299088955,60.42319869995117,-0.0011057757270123147,-0.0008520286624983111,-0.0061373901553452015,-6.100327968597412,-0.06448483467102051,9.782214164733887,-0.0007985171396285295,0.004544968716800213,0.002527795499190688,4896,None,Driving
2025-04-11 14:48:41,59f8c9d8,Normal,20.14686540828402,0.6879082918167114,0.0,-0.08592599630355835,40.37168502807617,-0.0011598380338995185,-0.0008281749073338254,0.0028844070620834827,0.33625131845474243,-2.006417989730835,9.806448936462402,-0.010418035089969635,-0.0034840174484997988,-0.09926850348711014,5184,None,Driving
2025-04-11 14:48:42,1ca93996,Normal,18.76256744021085,0.22676514089107513,0.0,-0.15674962103366852,14.901272773742676,-0.0012192734274805161,-0.0006386671313970075,-0.0033431623596698046,-1.149767279624939,-1.947579264640808,9.8109712600708,-0.017212556675076485,0.0010179762030020356,-0.1628735512495041,5288,None,Driving
2025-04-11 14:48:43,76b5f226,Normal,19.78788012470848,0.7914888858795166,0.0,0.0,-0.018218994140625,0.0005158174857342601,0.0005135671741625721,-0.0034610365983098745,0.16502645611763,0.005057691130787134,9.808566093444824,-2.6799785700859502e-05,-0.00037253613118082285,0.0006041925516910851,5676,None,Driving
2025-04-11 14:48:44,8dab9698,Normal,0.0,0.0,1.0,0.0,90.33202362060547,8.258950738593285e-05,-0.0010211352536710953,-0.007172813173383474,-0.0019385202322155237,-1.5212572179734707e-06,9.8100004196167,0.0,0.0,0.0,5824,Red,Driving
2025-04-11 14:48:44,17f8c082,Normal,3.7829654415605756e-07,0.0,1.0,0.00043982735951431096,90.84712219238281,0.00015857149162457063,-0.0009883391931316417,-0.0045007322914898396,0.0,-1.608955102483378e-08,9.8100004196167,1.867218557549677e-08,-2.9217270380854643e-08,1.1971447325207635e-13,5824,None,Driving
2025-04-11 14:48:45,1f90958f,Normal,0.0,0.0,1.0,0.0,90.79505157470703,0.00016183166428618279,-0.0010198018169212304,0.03894554078578949,-0.0030253459699451923,-3.2049138098955154e-07,9.8100004196167,0.0,0.0,0.0,5176,None,Driving
2025-04-11 14:48:46,2ef6f877,Normal,16.338856788875308,0.8500000238418579,0.0,0.003064543241634965,0.19577185809612274,-0.0012668764889127715,0.00028464834411404344,-0.031126784160733223,4.264758110046387,-0.000657233118545264,9.863785743713379,0.009448674507439137,0.05623934045433998,0.005237055476754904,5476,None,Driving
2025-04-11 14:48:47,11edccf7,Normal,20.284550726584563,0.3615306615829468,0.0,0.0,0.33117377758026123,-0.0012354531362603893,0.0002876004302491846,0.0015490340301766992,-0.08852659910917282,0.0053611327894032,9.812962532043457,0.00021020382700953633,0.0017955409130081534,-0.00015650685236323625,5376,None,Driving
2025-04-11 14:48:48,ccbb2e0f,Normal,20.214833125296828,0.44936248660087585,0.0,-0.001066182041540742,-90.18814086914062,-0.0007606423259858275,-0.0004048491069658222,0.010812110267579556,-0.0006028413772583008,0.18993394076824188,9.80984878540039,-0.00022819865262135863,2.2503299987874925e-05,-0.09232725203037262,5648,None,Driving
2025-04-11 14:48:48,a816aee1,Normal,19.98548582952244,0.5626413226127625,0.0,0.05139375105500221,-152.4468994140625,-0.0011521434952754817,-0.0007298255171011772,0.04277488589286804,-0.260531485080719,0.563197135925293,9.80957317352295,-0.0007121865637600422,0.0001588317973073572,0.1780768483877182,5008,None,Driving
2025-04-11 14:48:49,50f1fac4,Normal,20.13893205262427,0.4471327066421509,0.0,-0.0026860167272388935,-89.09283447265625,-0.0007445113463120379,0.0009501159710013393,0.1417309194803238,-0.15819482505321503,-0.02288079261779785,9.810590744018555,0.00016630644677206874,0.000724839570466429,-0.005344478879123926,5340,None,Driving
2025-04-11 14:48:51,d5a17951,Normal,4.532777528623083e-06,0.0,1.0,-0.0011636738199740648,-89.49658203125,0.00035966485289407046,-0.0004057580316253981,-0.007587508764117956,0.010947154834866524,4.656612873077393e-10,9.8099946975708,-7.388087510662444e-07,-2.162950067940983e-07,8.77810324428907e-10,5184,Red,Driving
2025-04-11 14:48:52,31efc97b,Normal,0.00024350896090592105,0.0,1.0,0.11339741945266724,-16.648420333862305,0.0005119702164222417,-0.0007022788357240594,-0.011089515872299671,-0.0026143835857510567,-0.0032240748405456543,9.811358451843262,6.706948624923825e-05,-0.0006096699507907033,8.101012554107001e-07,5068,None,Driving
2025-04-11 14:48:53,2708115c,Normal,1.7426726506100106e-06,0.0,1.0,0.043340153992176056,-3.218018054962158,0.0005205185082246544,-0.000638582078199712,0.06759879738092422,-5.225122094998369e-06,-1.9536057607183466e-06,9.8100004196167,3.977711742209067e-07,-1.1117600706711528e-07,-9.685712648588307e-11,5408,Red,Driving
2025-04-11 14:48:53,77272e86,Normal,2.4391029837033715e-06,0.0,1.0,0.03037429414689541,-2.931702136993408,0.0005515860218849866,-0.0006366325026555787,-0.02959476411342621,-0.029981704428792,-1.789303496479988e-07,9.809954643249512,-5.470776613947237e-07,6.938219030416803e-07,2.3093750523006662e-10,5508,Red,Driving
2025-04-11 14:48:54,1360a4b4,Normal,20.310476193320422,0.3685764968395233,0.0,-0.1709824651479721,39.38905334472656,-0.001195436600710309,-0.000776362912009176,-0.004316139034926891,-0.6875808835029602,-0.32926034927368164,9.80812931060791,0.02345425821840763,0.008685838431119919,-0.14104916155338287,5168,None,Driving
2025-04-11 14:48:55,59f8c9d8,Normal,17.48437134980779,0.44624900817871094,0.0,-0.03479303419589996,6.030667304992676,-0.0012538068074974262,-0.000609881387365654,0.0025354765821248293,-0.11610633134841919,-0.28682222962379456,9.811116218566895,0.001430321717634797,-0.0006951084942556918,-0.179027259349823,5668,None,Driving
2025-04-11 14:48:56,1ca93996,Normal,20.488254173849068,0.34318071603775024,0.0,-0.00411211745813489,0.5705194473266602,-0.0012299584667090357,-0.0004194356274979845,-0.0033592605032026768,0.1856473982334137,-0.0021940197329968214,9.803840637207031,-8.65376932779327e-05,0.00025645113782957196,-0.0024144896306097507,5660,None,Driving
2025-04-11 14:48:56,76b5f226,Normal,19.55616363495971,0.7233682870864868,0.0,0.1376286894083023,27.34943389892578,0.00047329565033749077,0.0007395204850165961,-0.0034389877691864967,-0.38108813762664795,1.8582788705825806,9.808791160583496,0.0038891523145139217,0.0009495349368080497,0.18644508719444275,5460,None,Driving
2025-04-11 14:48:57,8dab9698,Normal,0.0,0.0,1.0,0.0,90.33202362060547,8.258950738593285e-05,-0.0010211352536710953,-0.007172813173383474,-0.0019385202322155237,-1.5212572179734707e-06,9.8100004196167,0.0,0.0,0.0,5016,Red,Driving
2025-04-11 14:51:39,8fff8c41,Normal,9.379905849878995,0.8500000238418579,0.0,-0.18002769351005554,-2.508575677871704,-0.00021935723322030753,-0.0005750698196335593,-0.010959853418171406,2.6754000186920166,-1.535357117652893,9.804536819458008,-0.017283618450164795,0.022770239040255547,-0.19820070266723633,5004,None,Driving
2025-04-11 14:51:41,b03fddf9,Normal,14.285014431271478,0.8500000238418579,0.0,0.004773780237883329,-179.4683074951172,-0.00011632265233174621,-0.0008006491979779584,-0.011803893372416496,8.482111930847168,0.1651042401790619,9.84154987335205,-0.002018617931753397,-0.0037244020495563745,-0.05887646973133087,5444,None,Driving
2025-04-11 14:51:42,7e558121,Normal,14.78990635659537,0.0,0.11279122531414032,0.0010428630048409104,-179.6791534423828,-0.00014785191027044675,-0.0007878509192055348,-0.0011637877905741334,-4.2712273597717285,0.0022135041654109955,9.812406539916992,-2.0763633074238896e-05,0.019275043159723282,0.001531361835077405,5136,None,Driving
2025-04-11 14:51:42,91748cf9,Normal,10.351858481070186,0.8500000238418579,0.0,0.007577280048280954,-88.91089630126953,0.0001445278448670706,-0.00092653910134618,0.06623481959104538,2.7252376079559326,-0.0157470703125,9.805425643920898,0.00012373669596854597,0.00020665960619226098,0.016236521303653717,5244,None,Driving
2025-04-11 14:51:43,aa92d6f5,Normal,0.0005673095103946323,0.8500000238418579,0.0,0.024810709059238434,-89.35881805419922,0.00015336798020371134,-0.0009580508654600724,-0.029575804248452187,-0.029958002269268036,1.567509025335312e-05,9.810749053955078,-6.357628990372177e-06,8.55172038427554e-06,9.106686960080879e-09,5368,None,Driving
2025-04-11 14:51:44,3ff0df39,Normal,7.1837253466384405,0.8500000238418579,0.0,-0.0021195518784224987,90.46210479736328,-0.0005478844943951344,-0.0009968695970434779,-0.0038906477857381105,0.9432135224342346,-0.0017381906509399414,9.77276611328125,-0.00040451440145261586,-0.0006979501340538263,-0.0013294459786266088,5076,None,Driving
2025-04-11 14:51:45,06a89af1,Normal,17.390152736825538,0.8500000238418579,0.0,0.002052474534139037,90.3884506225586,-0.0005528770690972351,-0.0010282011114322396,0.0034962461795657873,2.216519355773926,0.010202884674072266,9.785932540893555,0.0001596342190168798,0.0006044841138646007,0.0100985923781991,5476,None,Driving
2025-04-11 14:51:46,a61ddb76,Normal,18.264485294759165,0.8500000238418579,0.0,-0.03455458581447601,88.0765380859375,-0.0007029606320116955,-0.0009967964691131681,-0.0019146347185596824,-1.3942441940307617,-0.08295142650604248,9.76735782623291,0.0023091414477676153,0.0038104227278381586,-0.037005867809057236,5300,None,Driving
2025-04-11 14:51:47,f9234ccd,Normal,17.01959689404495,0.8500000238418579,0.0,-0.0032457318156957626,89.4036636352539,-0.0006709774771707089,-0.0010290407461784666,-0.009043464437127113,2.0433294773101807,-0.025294899940490723,9.810863494873047,-2.4820677936077118e-05,0.005174113437533379,-0.007637157570570707,5716,None,Driving
2025-04-11 14:51:48,47ca3b9e,Normal,19.480703849906313,0.7354221343994141,0.0,-0.0012138684978708625,0.732758641242981,0.0005180693051158869,-0.00014238121115730314,-0.004198264796286821,-0.4023764729499817,-0.005817744880914688,9.856819152832031,0.00026991841150447726,-0.0004884908557869494,-0.0017585514578968287,5840,None,Driving
2025-04-11 14:51:48,dbbfdabe,Normal,15.076745084684195,0.2813597321510315,0.0,-0.00017573311924934387,90.33015441894531,2.2340589140412703e-05,-0.0009902436034404665,-0.005340842995792627,-0.2931201756000519,0.03667166829109192,9.809684753417969,5.543955921893939e-06,-3.6616776924347505e-05,-0.004861054942011833,5804,None,Driving
2025-04-11 14:51:49,195b6665,Normal,0.0003683544933578576,0.0,1.0,0.00031118179322220385,90.32986450195312,8.24985429659364e-05,-0.0010211350480630438,-0.006569862365722656,0.02270117588341236,-0.00021538510918617249,9.755931854248047,8.109956979751587e-06,-0.005045546218752861,-2.663559826032724e-07,5828,Red,Driving
2025-04-11 14:51:50,8226b6af,Normal,18.575370351411593,0.002340259961783886,0.0,-0.0006732309120707214,90.77388000488281,0.00012305085883212996,-0.0009888309390547647,-0.005267295520752668,-1.9213078022003174,0.0011866092681884766,9.889229774475098,0.00011950172483921051,0.022905705496668816,-0.001640903763473034,5116,None,Driving
2025-04-11 14:51:51,07b0d99d,Normal,7.085056307904149,0.0,1.0,-0.000870533986017108,90.83277893066406,0.00016463297119173603,-0.0010197615862791575,0.03942485898733139,-5.7005181312561035,-0.017334938049316406,9.798205375671387,-0.00012696138583123684,0.002584714675322175,0.011592834256589413,5888,None,Driving
2025-04-11 14:51:52,513b4942,Normal,17.996683539775454,0.8500000238418579,0.0,-0.009481512010097504,0.3785380423069,-0.0012304765989910038,-0.0003979216576913325,0.00037670135498046875,2.130403518676758,-0.031222548335790634,9.919713973999023,-0.0038145126309245825,-0.04561780393123627,-0.01992272585630417,5472,None,Driving
2025-04-11 14:51:52,dfa34341,Normal,19.790845322220612,0.2640255093574524,0.0,0.0,-179.68116760253906,-0.0011691205520634185,-9.20725876370669e-05,0.010872497223317623,-1.611863374710083,-0.0010509975254535675,9.821977615356445,6.230031431186944e-06,0.010088689625263214,-0.00010699965059757233,5564,None,Driving
2025-04-11 14:51:53,bba367e7,Normal,22.213286463874308,0.37531256675720215,0.0,-0.00022260929108597338,-179.63449096679688,-0.001200683855259399,-7.266179972300807e-05,0.0427168644964695,11.295062065124512,-0.002030894160270691,9.79576587677002,0.00012225723185110837,-0.004522313363850117,0.034080617129802704,5404,None,Driving
2025-04-11 14:51:54,4ae1f82f,Normal,20.08567244559762,0.6485377550125122,0.0,-0.006967103574424982,-1.352386474609375,-0.0012358927262852148,0.0005768122107978179,0.14173507690429688,0.7686072587966919,-0.05784360691905022,9.803130149841309,-3.847824700642377e-05,-0.0031240705866366625,-0.014262743294239044,4464,None,Driving
2025-04-11 14:51:56,8fff8c41,Normal,19.730605228848926,0.5427972674369812,0.0,-0.19016289710998535,-58.82097244262695,-0.00012545949718401062,-0.0004250962570312888,-0.006809768732637167,-1.1252353191375732,-3.110596179962158,9.758824348449707,-0.03505470231175423,0.008639117702841759,-0.46294891834259033,5560,None,Driving
2025-04-11 14:51:57,b03fddf9,Normal,19.39345705861641,0.8500000238418579,0.0,0.16938626766204834,-97.97595977783203,-1.9668800320005175e-05,-0.0009553748766700603,-0.010851210914552212,0.1072378158569336,2.3739166259765625,9.803990364074707,0.006928044371306896,-0.001218913123011589,0.24940086901187897,5248,None,Driving
2025-04-11 14:51:58,7e558121,Normal,19.710193676164128,0.8500000238418579,0.0,-0.09991186112165451,123.052490234375,-0.00022461164978437864,-0.0009682936417606512,-0.0008951186900958419,1.6922551393508911,-0.7525055408477783,9.80696964263916,0.0059462664648890495,-0.004290589597076178,-0.23108841478824615,5484,None,Driving
2025-04-11 14:51:58,91748cf9,Normal,20.136383443280366,0.3558485507965088,0.0,0.06963594257831573,-66.6216049194336,0.00034426415875543626,-0.0008907962662129152,0.06756679713726044,0.2763180136680603,0.9075486063957214,9.839888572692871,-0.002840734552592039,0.004283753223717213,0.11162959039211273,5064,None,Driving
2025-04-11 14:51:59,aa92d6f5,Normal,20.09440414819741,0.5009088516235352,0.0,0.02898176573216915,-71.36676788330078,0.00032623637626727486,-0.0009314529967045176,-0.02943241037428379,-0.21550048887729645,0.22622717916965485,9.811199188232422,0.018553420901298523,-0.000853387638926506,0.07298983633518219,5064,None,Driving
2025-04-11 14:52:00,3ff0df39,Normal,19.97496807333101,0.5790690779685974,0.0,-0.06575820595026016,86.38848114013672,-0.0007327816125837217,-0.0009947319586682576,-0.004451332148164511,-0.09588107466697693,-0.4073527455329895,9.808661460876465,-0.008132515475153923,0.0005202642641961575,-0.10751157999038696,5768,None,Driving
2025-04-11 14:52:01,06a89af1,Normal,18.805201263402047,0.7554906606674194,0.0,0.00978195108473301,83.18653869628906,-0.0007544264519054877,-0.0010236935661196436,0.0029516981448978186,0.6139430403709412,-0.07969281077384949,9.803513526916504,0.00790565274655819,-0.004183496348559856,-0.04275049641728401,5040,None,Driving
2025-04-11 14:52:02,a61ddb76,Normal,20.631842347380335,0.2985784411430359,0.0,-0.07201824337244034,70.6743392944336,-0.0009223177624022583,-0.0009525976601827029,-0.003466758644208312,-0.1750151664018631,-0.2989445924758911,9.811298370361328,0.00029914910555817187,-0.00025734317023307085,-0.0998387560248375,5628,None,Driving
2025-04-11 14:52:03,f9234ccd,Normal,20.216940990433276,0.6280242800712585,0.0,-0.030118174850940704,72.99324035644531,-0.0008885950263817222,-0.0009969543760967048,-0.0008620833978056908,0.7527572512626648,-0.47245556116104126,9.7457275390625,0.024953074753284454,0.002552613615989685,-0.1125636100769043,4868,None,Driving
2025-04-11 14:52:03,47ca3b9e,Normal,19.94993506520266,0.6688754558563232,0.0,-0.003710732329636812,0.2422376275062561,0.0005157952115411035,7.668849633920942e-05,-0.003426780691370368,0.2516162097454071,-0.06641137599945068,9.805863380432129,-0.0005379135836847126,-0.000306000147247687,-0.0058463504537940025,5152,None,Driving
2025-04-11 14:52:04,dbbfdabe,Normal,20.031595945909284,0.36866769194602966,0.0,-0.13927552103996277,42.77786636352539,-0.00018649842796492067,-0.0009352592129535152,-0.00518394447863102,-0.34782874584198,-1.4783116579055786,9.809779167175293,0.0008542914874851704,0.0006224510143510997,-0.3585817813873291,5532,None,Driving
2025-04-11 14:52:05,195b6665,Normal,0.0,0.0,1.0,0.0007618034142069519,90.329833984375,8.249436226037687e-05,-0.0010211350480630438,-0.007277602795511484,-1.5675366739742458e-05,-2.8896465664729476e-07,9.8100004196167,0.0,0.0,0.0,5536,Red,Driving
2025-04-11 14:52:06,8226b6af,Normal,0.0,0.0,1.0,0.0,90.68994140625,8.051901716044085e-05,-0.0009893687411814192,-0.0044674682430922985,-0.001504835207015276,-3.343855496495962e-06,9.8100004196167,0.0,0.0,0.0,5708,Red,Driving
2025-04-11 14:52:07,07b0d99d,Normal,0.0,0.0,1.0,0.0,90.80611419677734,0.00016300722833761938,-0.0010197852997410948,0.03890972211956978,-0.002288603223860264,5.225068889558315e-06,9.8100004196167,0.0,0.0,0.0,5936,None,Driving
2025-04-11 14:52:07,513b4942,Normal,20.15008864404739,0.43936866521835327,0.0,-0.009042786434292793,0.7569840550422668,-0.0012314521406437962,-0.0001813790616215563,0.0019861601758748293,-0.9591699838638306,0.009874721057713032,9.779312133789062,-0.002130210632458329,0.013726625591516495,-0.019696468487381935,5716,None,Driving
2025-04-11 14:52:08,dfa34341,Normal,3.640762273774899e-06,0.0,1.0,0.0008796547190286219,-179.68801879882812,-0.00116852853794569,-0.00019193782322925128,0.010660133324563503,1.4033314982953016e-05,-1.8450519689849898e-07,9.8100004196167,1.0451781662368376e-07,-4.581023347327573e-07,4.714663555394072e-12,5388,Red,Driving
2025-04-11 14:52:09,bba367e7,Normal,1.3736281977453179e-07,0.0,1.0,0.002638964680954814,-179.7619171142578,-0.0011999560027646794,-0.00019435517422450584,0.04261211305856705,-5.225122094998369e-06,-8.881784197001252e-16,9.8100004196167,-4.922675600482762e-08,-5.19964835632436e-08,-2.8360534407023685e-12,5524,Red,Driving
2025-04-11 14:52:10,4ae1f82f,Normal,20.30327848448563,0.4516860246658325,0.0,-0.07043147832155228,-35.892547607421875,-0.001166215721525532,0.0007863662920018149,0.14171943068504333,0.12523962557315826,-0.6242223978042603,9.810506820678711,0.005036173854023218,0.00048277946189045906,-0.1502476930618286,4856,None,Driving
2025-04-11 14:52:11,8fff8c41,Normal,20.117661967031296,0.5032840371131897,0.0,0.0012574762804433703,-89.951416015625,0.00010259191533634748,-0.0004073301450550227,-0.007446670439094305,0.011940360069274902,0.27791693806648254,9.810663223266602,-0.0016556113259866834,6.148149259388447e-05,-0.06315859407186508,5300,None,Driving
2025-04-11 14:52:12,b03fddf9,Normal,20.101717170349687,0.5169951319694519,0.0,0.00403352826833725,-82.40873718261719,0.00021373469257923716,-0.0009255172978663417,-0.01095100399106741,0.012616202235221863,0.2663290500640869,9.809478759765625,-0.000395108392694965,-9.662652155384421e-05,-0.05904773995280266,5696,None,Driving
2025-04-11 14:52:13,7e558121,Normal,18.11842965903197,0.8500000238418579,0.0,0.0,90.66011047363281,-0.00045738402020845115,-0.000995442334486121,-0.0014035797212272882,3.281843662261963,-0.008149147033691406,9.830812454223633,0.00010224990546703339,-0.018146522343158722,0.00018972395628225058,5068,None,Driving
2025-04-11 14:52:14,91748cf9,Normal,18.901578584711825,0.4156101942062378,0.0,0.08259163051843643,-21.550065994262695,0.0005053476496215126,-0.0007265395577584411,0.06769237667322159,-0.06961249560117722,0.45590388774871826,9.887441635131836,-0.007601561956107616,-0.006752905435860157,0.22214408218860626,5732,None,Driving
2025-04-11 14:52:14,aa92d6f5,Normal,20.334374993798033,0.4060809314250946,0.0,0.13761946558952332,-31.831375122070312,0.0005106456893457789,-0.0007864899995127887,-0.029445379972457886,0.3124132752418518,2.1432266235351562,9.836288452148438,-0.07834944874048233,-0.002473636530339718,0.3520907163619995,6168,None,Driving
2025-04-11 14:52:15,3ff0df39,Normal,20.005066709796832,0.5763472318649292,0.0,-0.06506653130054474,66.56666564941406,-0.0009588554782595793,-0.0009372338726799291,-0.00445354450494051,0.06917916238307953,-0.3468981981277466,9.809664726257324,-0.0022273100912570953,2.4831388145685196e-06,-0.10706886649131775,4928,None,Driving
2025-04-11 14:52:36,08ba1d98,Normal,7.858805193786645,0.8500000238418579,0.0,-0.09425289183855057,-0.9745177626609802,-0.0002196480144078805,-0.0005780877346131826,-0.011755332350730896,4.875720500946045,-0.27865150570869446,9.92988109588623,0.0005742250359617174,0.0018044356256723404,-0.0898251011967659,5116,None,Driving
2025-04-11 14:52:37,17bd7596,Normal,13.795103058857816,0.8500000238418579,0.0,0.10368210077285767,-178.13697814941406,-0.00011587305604621179,-0.0008009832425255963,-0.012917861342430115,4.200925827026367,0.4041588306427002,9.890435218811035,0.009265851229429245,-0.005315062124282122,0.14255574345588684,4992,None,Driving
2025-04-11 14:52:38,b6585b72,Normal,15.54081398459414,0.0,0.699999988079071,-0.0007618034142069519,-179.6763458251953,-0.00014786609720829347,-0.0007860709703038726,-0.001095733605325222,-3.6609280109405518,-0.0036674514412879944,9.80385971069336,-1.1013151379302144e-05,0.02354803867638111,-0.0014825072139501572,5428,None,Driving
2025-04-11 14:52:39,dc869564,Normal,10.35183834365885,0.8500000238418579,0.0,0.007624805439263582,-88.91095733642578,0.00014452748507665092,-0.0009265389642741457,0.06623466312885284,2.724708080291748,-0.010727643966674805,9.805438041687012,0.00013145424600224942,0.00020681958994828165,0.016278300434350967,5256,None,Driving
2025-04-11 14:52:39,8959cad5,Normal,0.0004294984873263766,0.8500000238418579,0.0,0.024810709059238434,-89.35881805419922,0.00015336798020371134,-0.0009580508654600724,-0.029582519084215164,-0.029978856444358826,0.0,9.810731887817383,-3.3350461308145896e-06,6.6123620854341425e-06,8.023675945878495e-09,5684,None,Driving
2025-04-11 14:52:40,e65ca157,Normal,7.847676101015873,0.8500000238418579,0.0,-0.0016962391091510653,90.44788360595703,-0.0005516433522529951,-0.000996895777802033,-0.00409011822193861,0.9322262406349182,-0.0021982789039611816,9.803312301635742,-0.0003175104793626815,-0.0006231011939235032,-0.0011625129263848066,5260,None,Driving
2025-04-11 14:52:41,af058fab,Normal,18.76508433262884,0.0,0.699999988079071,0.0,90.47927856445312,-0.0005643115496667406,-0.0010282928811592167,0.003748092567548156,1.1802812814712524,0.013549447059631348,9.761832237243652,-0.0011752480641007423,0.01307655405253172,-0.00042500870767980814,5040,None,Driving
2025-04-11 14:52:42,7f36fb69,Normal,18.047896506556608,0.8500000238418579,0.0,-0.025985099375247955,87.6054458618164,-0.000713627509185244,-0.0009962611342831315,-0.0034560011699795723,-0.09661737829446793,-0.08014123141765594,9.833864212036133,0.002173295710235834,0.0024132844991981983,-0.030592892318964005,5284,None,Driving
2025-04-11 14:52:44,9d3677a5,Normal,20.545039505712463,0.3441312611103058,0.0,-0.012969933450222015,87.28132629394531,-0.000708199662227571,-0.0010277012782590916,-0.0036391830071806908,1.588564157485962,-0.042273521423339844,9.767557144165039,0.004123227670788765,-0.021984126418828964,-0.02198863960802555,5740,None,Driving
2025-04-11 14:52:45,f02a6935,Normal,19.692414012168637,0.8067850470542908,0.0,-0.0007147158030420542,0.6816767454147339,0.0005176059331120086,-0.00010370185613179461,-0.0032621382270008326,-0.058263905346393585,-0.001963977003470063,9.804987907409668,-4.0589398849988356e-05,2.2118325432529673e-05,-0.0038856659084558487,5320,None,Driving
2025-04-11 14:52:46,35eeef80,Normal,15.481381596289662,0.39618924260139465,0.0,0.0008176579140126705,90.50724792480469,3.203435336729399e-05,-0.0010215191924392256,-0.0072507476434111595,-0.24840334057807922,-0.007795244455337524,9.809698104858398,3.591376298572868e-06,-8.71577940415591e-05,0.004858335480093956,5676,None,Driving
2025-04-11 14:52:47,dc2e3679,Normal,8.377106838786718,0.0,1.0,0.0,90.70954132080078,8.091549803168618e-05,-0.0009893636695161494,-0.0026066589634865522,-5.161496639251709,-0.007126808166503906,9.751289367675781,1.917267218232155e-05,0.00658298097550869,-2.349483111174777e-05,5536,Yellow,Driving
2025-04-11 14:52:48,a7057fc5,Normal,15.384368137904973,0.8500000238418579,0.0,-0.000870533986017108,90.73188018798828,0.0001173445243267679,-0.0010203806721221637,0.038741644471883774,2.2269558906555176,-0.023456335067749023,9.80785083770752,-8.622929453849792e-05,-0.003951151855289936,-0.0010104727698490024,5852,None,Driving
2025-04-11 14:52:49,efd1fd69,Normal,21.262391971254818,0.0,0.3078186511993408,0.0009950052481144667,0.25117382407188416,-0.0012620360641619754,-0.0003352065415407678,-0.02828555926680565,0.3783632516860962,-0.008975713513791561,9.631568908691406,-0.001635909196920693,-0.011241164058446884,0.005894827656447887,5264,None,Driving
2025-04-11 14:52:49,28c725f0,Normal,18.872684523154437,0.8500000238418579,0.0,-0.012669798918068409,0.7626822590827942,-0.0012307140077467693,-0.00033304121461461483,0.0026783370412886143,-0.37297630310058594,-0.01823783479630947,9.706350326538086,-0.002870086580514908,0.0035539993550628424,-0.018366437405347824,5488,None,Driving
2025-04-11 14:52:50,a154ccf4,Normal,17.529354851189623,0.651735246181488,0.0,0.0,-179.6605682373047,-0.001168730033839438,-0.00015933686759664795,0.010891075246036053,1.9158941507339478,-0.0014148615300655365,9.753389358520508,1.9871240510838106e-06,-0.001624354044906795,7.675722008571029e-05,5712,None,Driving
2025-04-11 14:52:51,706719d8,Normal,17.89713541787774,0.5233306288719177,0.0,0.0002485241857357323,-179.65953063964844,-0.0012002534490846983,-0.00014475886266461776,0.04260307177901268,-0.5073989033699036,0.012999173253774643,9.756547927856445,4.439441909198649e-05,6.779419345548376e-05,-0.0007188335293903947,5392,None,Driving
2025-04-11 14:52:52,25ac1433,Normal,19.86537449245805,0.544713020324707,0.0,-0.037379901856184006,-2.872711658477783,-0.001235004225350167,0.0005942949263431274,0.14179100096225739,-0.8338583707809448,-0.2938140034675598,9.806303024291992,0.0028342341538518667,0.001369274570606649,-0.07173705101013184,4580,None,Driving
