Event_ID,Timestamp,Vehicle_ID,Is_Violation,Speed_KPH,Throttle,Brake,Steer,Heading,Latitude,Longitude,Altitude,Accel_X,Accel_Y,Accel_Z,Gyro_X,Gyro_Y,Gyro_Z,LiDAR_Points,Proximity_Alert,Collision_Partner,Traffic_Light_State,Lane_Type
eb17d52b,13-04-2025 10:55,3cf5e815,0,8.582369727,0.850000024,0,-0.182047546,-2.297607422,-0.000219258,-0.00057443,-0.010191193,2.88068676,-0.74843049,9.721064568,-0.00668578,0.013609412,-0.196308106,4988,1,None,None,Driving
82a36758,13-04-2025 10:55,82b227dd,1,8.131858307,0.850000024,0,-0.031970818,90.33972931,-0.000660028,-0.000998148,0.031590536,3.519385576,-0.069478273,8.632236481,-0.016076097,-0.001780391,-0.016076371,5280,1,None,None,Driving
866b43e4,13-04-2025 10:55,396768a5,0,8.498872649,0.850000024,0,0.001319482,0.286027104,-0.000251319,-0.000585511,-0.019618606,1.70830071,-0.000208353,9.806426048,6.31E-06,-0.000224564,0.000762057,5524,1,None,None,Driving
b7f8fea2,13-04-2025 10:55,75a08b48,0,19.84242309,0.10684187,0,0.007116084,-174.8948364,-0.000113012,-0.000848252,-0.010686531,-2.422960997,0.089127541,9.792528152,-0.000590276,0.005942366,0.021136783,5516,1,None,None,Driving
6fcf1235,13-04-2025 10:55,7b384fe9,0,23.50204005,0,0.699999988,-0.10018529,178.0633698,-0.000148962,-0.000838756,-0.000889778,-2.700903177,-1.228368998,9.806587219,-0.014533765,0.019418485,-0.101547182,5228,1,None,None,Driving
a6448f16,13-04-2025 10:55,15fa5b49,0,20.22899818,0.026860766,0,0.064069115,-87.13758087,0.000204219,-0.000924093,0.068111226,-3.268112898,-0.182938337,9.797540665,5.99E-05,0.025022073,0.061001126,5396,1,None,None,Driving
1c7c1d1c,13-04-2025 10:55,2d744a52,0,20.17311615,0.375011653,0,0.00332348,-87.12973022,0.000193559,-0.00095617,-0.029413756,-0.894375265,0.026474297,9.791806221,0.001892737,-0.00427334,0.008240599,5284,1,None,None,Driving
b8fde644,13-04-2025 10:55,7e92bef7,0,20.3804239,0.181600392,0,0.001072903,90.45800018,-0.000613344,-0.000997341,-0.004078522,-1.385363102,0.001668334,9.786710739,-0.000201703,0.00961175,0.001878298,5456,1,None,None,Driving
3f7b2e6e,13-04-2025 10:55,559432b7,0,18.51219859,0.850000024,0,-0.010726383,89.96327972,-0.000646491,-0.001028909,0.002495003,-0.399678528,-0.10686487,9.834353447,-0.002640419,0.002240288,-0.069436096,5060,1,None,None,Driving
0a47f616,13-04-2025 10:55,82b227dd,0,20.55009538,0.274953932,0,-0.126358703,80.1738205,-0.000819804,-0.000982694,-0.003472404,-0.444854736,-1.355742693,9.813508034,-0.008720363,0.000514242,-0.073138632,5372,1,None,None,Driving
bd733a25,13-04-2025 10:55,aaf781f7,0,20.00342007,0.516739964,0,-0.039533708,81.29335022,-0.000792773,-0.001019086,-0.001907158,0.005270451,-0.350530982,9.821349144,0.028216509,0.003796356,-0.110884555,5012,1,None,None,Driving
0c1fec20,13-04-2025 10:55,5d23cd89,0,19.77902062,0.788766921,0,-0.000673231,0.63215214,0.000516097,2.19E-05,-0.003459816,0.161200166,0.000852262,9.808566093,2.14E-06,-0.000342215,-0.000650053,5180,1,None,None,Driving
3c852976,13-04-2025 10:55,6c9418f3,0,0,0,1,0,90.77435303,0.000131288,-0.000988715,-0.004500389,-1.05E-05,-3.62E-08,9.81000042,0,0,0,5604,1,None,None,Driving
886aee20,13-04-2025 10:55,75a08b48,1,20.1542216,0.316925168,0,0.064837106,-81.64994812,5.21E-05,-0.000953962,-0.010940743,0.235776007,0.311987996,9.805175781,-0.002686645,-0.00144197,0.22168605,5320,1,None,None,Driving
d3511725,13-04-2025 10:55,2a54d78f,0,20.13175973,0.850000024,0,-0.000304379,0.316018492,-0.001262669,-0.000221907,-0.030911559,-2.407814026,-0.00579836,9.88787365,-0.001383484,-0.011075562,0.002115776,5888,1,None,None,Driving
7d062d72,13-04-2025 10:55,79e49d92,0,20.37729729,0.350904465,0,0,0.326568842,-0.001231329,-0.000206404,0.001529465,0.540391982,-0.00785487,9.803777695,-0.000309813,-0.009648863,0.00026775,5316,1,None,None,Driving
f2291bb3,13-04-2025 10:55,60afbd48,0,0,0,1,0,-179.6593933,-0.001168538,-0.000191195,0.010489311,0.006187523,1.05E-05,9.809998512,0,0,0,5536,1,None,Red,Driving
1feefc12,13-04-2025 10:55,20c16007,0,1.51E-06,0,1,-0.002409034,-179.539566,-0.001199947,-0.000194413,0.042612687,-4.18E-05,-1.50E-07,9.81000042,1.14E-07,-5.70E-07,1.65E-11,5488,1,None,Red,Driving
2b70924c,13-04-2025 10:55,c926df1d,0,20.23435941,0.462140262,0,-0.078690514,-31.5590992,-0.001179348,0.000767631,0.141730919,-0.090305224,-0.679215193,9.806983948,0.000612181,-0.000236222,-0.159071147,4372,1,None,None,Driving
824c755c,13-04-2025 10:55,75a08b48,0,20.51073564,0.328141779,0,0.002434642,-82.79777527,0.000196669,-0.000927889,-0.01096508,-0.204887792,0.083227038,9.813529015,0.0001259,0.001209951,-0.072663002,5612,1,None,None,Driving
4d890287,13-04-2025 10:55,82b227dd,0,20.46638383,0.255769342,0,-0.041986194,55.6035881,-0.001062679,-0.000877474,-0.003485069,-0.8359797,-0.122001469,9.817455292,0.002804703,0.000677749,-0.058153909,5204,1,None,None,Driving
2fe8f7c6,13-04-2025 10:55,82b227dd,1,20.53102826,0.224540457,0,-0.144366711,52.27912521,-0.001094843,-0.000852136,-0.003440895,-0.552415073,-0.293424428,9.815039635,0.004618191,0.000960875,-0.068699777,5236,1,None,None,Driving
224588c2,13-04-2025 10:55,82b227dd,0,20.47353926,0.17655611,0,-0.086580522,50.54481888,-0.001120773,-0.000827335,-0.003444099,0.254549921,-0.618225336,9.806733131,-0.002007408,-0.000264251,-0.130648151,5164,1,None,None,Driving
740750d0,13-04-2025 10:55,15fa5b49,1,15.81496587,0,1,0.034084655,-5.185732365,0.000519825,-0.000650823,0.067832522,1.397132277,0.207849711,9.785384178,0.000925625,-0.011494298,0.059422992,4960,1,None,Red,Driving
e85a0782,13-04-2025 10:55,15fa5b49,0,0.030585692,0,1,0.046150457,-2.825164557,0.000520477,-0.000636158,0.071614496,0.026389983,-0.004893707,9.643686295,0.0034756,-0.048559889,2.43E-05,5064,1,None,Red,Driving
359bf3a2,13-04-2025 10:55,2d744a52,1,5.409365607,0,1,0.032109976,-2.955444574,0.000551576,-0.000636935,-0.028691292,-16.20503998,-0.107651494,9.916944504,0.030710144,-0.074180372,0.031331014,5064,1,None,Red,Driving
877c51b4,13-04-2025 10:55,3cf5e815,1,7.466925254,0,1,0,-89.57274628,0.000360749,-0.000405739,-0.003145752,-5.393406391,0.012166977,9.701610565,0.000291435,0.003236096,-0.010346619,5084,1,None,Red,Driving
5a8b0725,13-04-2025 10:55,2d744a52,0,6.14E-05,0,1,0.031339839,-2.972625971,0.000551589,-0.000636675,-0.029585646,-0.026420552,0.000155774,9.81043911,-3.73E-05,0.000621531,7.32E-07,5760,1,None,Red,Driving
3645cbf4,13-04-2025 10:55,3cf5e815,0,3.17E-05,0,1,-0.001498749,-89.48934174,0.0003632,-0.000405727,-0.007583961,0.010898155,4.66E-10,9.810101509,6.09E-07,-5.40E-05,1.80E-09,5248,1,None,Red,Driving
23a4281e,13-04-2025 10:55,c926df1d,1,15.52663379,0,1,0,-89.61459351,-0.000457744,0.000952387,0.141628757,-3.332119703,0.007369995,9.83132267,-3.68E-07,0.006196006,-9.07E-06,5376,1,None,Red,Driving
55981b74,13-04-2025 10:55,c926df1d,0,0.006950288,0,1,0,-89.615448,-0.000444297,0.000952477,0.142943725,-0.750354826,-0.000261307,9.623265266,2.51E-07,-0.016883081,-3.42E-06,5124,1,None,Red,Driving
5ca2bb98,13-04-2025 10:55,5d23cd89,1,16.03545453,0.850000024,0,0.010946658,89.82246399,0.000119157,0.000893263,-0.002693825,3.278246164,-0.037578821,9.765886307,-8.31E-05,-0.004120034,0.009800245,5344,1,None,Red,Driving
985f50ae,13-04-2025 10:56,396768a5,1,15.81105768,0,1,0,0.167844296,-0.000255072,0.00067895,-0.01955574,1.549272418,-0.00077245,9.820775986,-3.88E-06,0.00048466,-7.72E-05,4864,1,None,Red,Driving
52e1b564,13-04-2025 10:56,5d23cd89,0,0.003558721,0,1,0.003128752,90.17980957,8.50E-05,0.000893146,-0.001151161,0.015001178,0.002052881,9.754595757,0.000123437,-0.011761751,1.20E-07,5508,1,None,Red,Driving
7275aaa4,13-04-2025 10:56,396768a5,0,0.007381304,0,1,0.000175733,0.175888032,-0.000255125,0.000697609,-0.01731327,0.075569823,-0.000293681,9.678277969,-1.82E-05,-0.020440672,-4.10E-06,5460,1,None,Red,Driving
20eae469,13-04-2025 10:56,15fa5b49,1,15.88438697,0.850000024,0,-0.000870534,89.90672302,9.08E-05,-0.000470095,0.067058563,2.76541996,-0.014380932,9.831160545,-0.000179376,-0.016524039,-0.001280763,5392,1,None,Red,Driving
94a86a19,13-04-2025 10:56,82b227dd,1,20.58174814,0.236953303,0,-0.115160182,-14.6372261,-0.001219371,0.000683431,-0.003446007,-0.110966057,-0.713473499,9.808129311,-0.002296606,-3.92E-05,-0.162712529,5276,1,None,None,Driving
cf0114b0,13-04-2025 10:56,15fa5b49,0,0.013192069,0,1,0.004338435,89.66408539,7.29E-05,-0.000470074,0.072252199,0.135275707,-0.00743562,9.462785721,-9.75E-05,-0.045308832,-1.79E-05,5376,1,None,Red,Driving
38068f6b,13-04-2025 10:56,82b227dd,0,20.51199239,0.330041468,0,-0.104265116,-23.09138107,-0.00119939,0.00073325,-0.003401909,0.178355992,-0.458365202,9.805877686,0.002221567,-0.000225289,-0.134609058,4812,1,None,None,Driving
c0576933,13-04-2025 10:56,2a54d78f,1,16.26260493,0,1,-0.00061556,-89.58623505,-0.000455459,0.000983842,-0.030432625,-3.336096048,-0.025953054,9.696400642,-0.001792394,-0.017567072,-0.000761328,5536,1,None,Red,Driving
d0e13d85,13-04-2025 10:56,2a54d78f,0,0.004775428,0,1,0.001930991,-89.70080566,-0.000443131,0.000983932,-0.029763011,-0.007010226,-0.00399982,9.805099487,-0.001206467,-0.001236883,-9.51E-07,5664,1,None,Red,Driving
aacba675,13-04-2025 10:56,3cf5e815,1,17.7015418,0.850000024,0,-0.117005877,-139.6158295,0.000551232,-0.00046516,-0.005365066,-4.238379478,-0.74413538,10.05736637,0.028830884,0.027400799,-0.268193305,5464,1,None,None,Driving
20d1d854,13-04-2025 10:56,3cf5e815,0,19.58450434,0.850000024,0,-0.104116894,-149.7401886,0.000565867,-0.000488688,-0.009344177,2.481433153,-0.922873676,9.840809822,0.020017382,0.005508948,-0.198719516,5064,1,None,None,Driving
47f24c3e,13-04-2025 10:56,82b227dd,1,20.68962489,0.239590749,0,-0.00584561,-89.14507294,-0.000745829,0.000950249,-0.00345417,-0.334922582,0.009593427,9.812105179,0.000594876,0.000204694,-0.020102551,5644,1,None,None,Driving
1c98244c,13-04-2025 10:56,82b227dd,0,20.49866849,0.277865916,0,-0.004666734,-89.20474243,-0.000717642,0.000950525,-0.003472175,-0.118917756,-0.05830501,9.808986664,9.86E-05,0.000302306,-0.011203553,5600,1,None,None,Driving
92bef4b0,13-04-2025 10:56,c926df1d,1,14.98048731,0,1,0,-179.8439484,-0.000149326,-0.000195065,0.141803771,-5.875191689,0.000950012,9.812407494,1.08E-07,0.008639535,-6.39E-05,5528,1,None,Red,Driving
25b30d02,13-04-2025 10:56,20c16007,1,16.73727118,0,1,-0.002626444,-0.005249023,-0.000219986,-0.00064717,0.042616844,-2.70324111,0.014115197,9.812788963,7.38E-05,0.001474484,-0.003694589,5576,1,None,Red,Driving
22cf371c,13-04-2025 10:56,c926df1d,0,0.000223027,0,1,0.001131572,-179.904892,-0.000149292,-0.000205757,0.141584814,-0.001555183,-9.18E-06,9.81118679,1.53E-06,-0.0005666,-4.47E-10,5436,1,None,Red,Driving
55abc68c,13-04-2025 10:56,20c16007,0,1.17E-05,0,1,0.001887036,-0.178039536,-0.000219956,-0.000630345,0.042619858,0.002038833,-0.001237,9.810062408,-3.07E-06,-0.000339253,-9.53E-09,5140,1,None,Red,Driving
bde3f562,13-04-2025 10:56,c926df1d,1,19.13884731,0.850000024,0,-0.118779317,126.2809601,-0.000215411,-0.000404238,0.141850129,-0.722631335,-0.909728706,9.794014931,0.005936195,-0.001830606,-0.170327902,5296,1,None,None,Driving
c0142ebd,13-04-2025 10:56,c926df1d,0,19.4165861,0.627472281,0,-0.118749961,115.8498917,-0.000244141,-0.000419831,0.14186725,-1.662685394,-1.291615486,9.79925251,0.001789755,0.002193996,-0.178140223,5344,1,None,None,Driving
103157b2,13-04-2025 10:57,c926df1d,1,17.47236494,0.409007788,0,0,89.82730865,-0.000943679,-0.000435777,0.141550705,0.187593624,0.001786888,9.802654266,1.31E-05,-0.001937168,7.59E-07,5356,1,None,Red,Driving
8cb14aa0,13-04-2025 10:57,c926df1d,0,0.006655902,0,1,0,89.83089447,-0.000966469,-0.00043571,0.142655715,-16.20493126,-0.003919601,9.880378723,-5.92E-07,0.03122863,-0.000154434,5024,1,None,Red,Driving
e030a860,13-04-2025 10:57,396768a5,1,15.80463439,0.850000024,0,0.000439827,0.093432821,-0.000255114,0.00067721,-0.019584732,1.849990964,0.004591245,9.810620308,2.81E-05,-0.002168556,0.000767154,5524,1,None,Red,Driving
4bdee692,13-04-2025 10:57,396768a5,0,4.056385587,0,1,0.000870534,0.114482902,-0.000255155,0.000700126,-0.016960829,-5.111262321,0.005198887,9.771515846,4.62E-05,-0.002934775,0.000571516,5424,1,None,Red,Driving
4a8e7bfe,13-04-2025 10:57,7e92bef7,1,19.86198867,0.613058507,0,-0.305611223,-122.7485733,-0.00017529,0.000921825,-0.004532623,-0.055810452,-0.771299243,9.809268951,0.008912895,0.00265617,-0.338711441,5516,1,None,None,Driving
6235835e,13-04-2025 10:57,7e92bef7,0,19.97489917,0.628072858,0,-0.257372469,-138.6573029,-0.000152837,0.000898475,-0.004525871,-0.259081841,-2.802821636,9.793514252,-0.002222148,0.002685065,-0.406894326,5560,1,None,None,Driving
6b8ca9a1,13-04-2025 10:57,60afbd48,1,16.38291285,0,1,0.000175733,-179.6461945,-0.001168612,-0.000177389,0.010766754,-0.17397508,-0.024044452,9.806879997,-0.000185521,-0.00230219,-0.001185457,5600,1,None,Red,Driving
8780fff6,13-04-2025 10:57,60afbd48,0,0.010128429,0,1,0.000566155,-179.6813812,-0.00116852,-0.000192089,0.013387069,-0.004824966,0.004613618,9.768105507,-2.65E-05,-0.051020537,-1.16E-05,5560,1,None,Red,Driving
6eede5b6,13-04-2025 10:57,82b227dd,1,17.94807203,0.850000024,0,-0.116260864,-92.95623016,0.000230469,0.000954212,-0.003179588,2.741060495,-0.207077265,9.770353317,0.003375355,0.001251526,-0.044636041,5268,1,None,None,Driving
80d39ecb,13-04-2025 10:57,82b227dd,0,18.84187111,0.850000024,0,-0.082043737,-94.00083923,0.00026159,0.000950519,-0.003894768,1.332476616,-0.557528615,9.800896645,-0.004044913,-0.0056106,-0.088394478,5708,1,None,None,Driving
8291b113,13-04-2025 10:57,2d744a52,1,20.21547049,0.412727088,0,0.090364568,138.4402008,-0.001041777,0.00084725,-0.029449539,-0.435258508,0.818853855,9.828695297,0.075521275,-0.007422343,0.262281805,5176,1,None,None,Driving
8742fcd6,13-04-2025 10:57,2d744a52,0,20.24353462,0.48855117,0,0.043840263,140.9756927,-0.001059225,0.000825638,-0.029433822,0.076729953,0.163322061,9.812703133,0.013516456,-0.000561767,0.052028269,5072,1,None,None,Driving
d0cbf87b,13-04-2025 10:57,82b227dd,1,20.52174311,0.270642608,0,-0.147031531,-169.3035431,0.000572041,0.000641939,-0.003415337,0.7417413,-0.616961598,9.799765587,-0.000862836,-0.000207677,-0.190156996,5916,1,None,None,Driving
02fe17f7,13-04-2025 10:57,82b227dd,0,20.6338269,0.29347077,0,-0.069652118,-172.5018616,0.000575632,0.000606303,-0.003450508,-0.059725933,-0.224242598,9.809911728,0.001216189,-1.61E-07,-0.076008052,5840,1,None,None,Driving
4a7630e8,13-04-2025 10:57,559432b7,1,19.78336199,0.850000024,0,-0.176602781,-171.2424316,0.000573015,0.000731273,0.003051681,2.260281086,-1.437087297,9.768974304,0.010749325,-0.005740501,-0.841759801,4952,1,None,None,Driving
40978674,13-04-2025 10:57,559432b7,0,20.68139995,0.293143034,0,0.001437753,179.596283,0.00057393,0.000701398,0.002895088,1.347058773,0.277731538,9.815531731,0.02710023,-0.013412071,0.227464601,5288,1,None,None,Driving
132d1470,13-04-2025 10:57,3cf5e815,1,11.95245561,0,1,-0.003247457,91.06705475,9.38E-05,-0.000988897,-0.010268898,3.021123886,-0.006341934,9.786563873,2.62E-05,0.003291366,-0.005458127,5204,1,None,Red,Driving
463734c6,13-04-2025 10:57,3cf5e815,0,0.031216017,0,1,-0.003002556,91.06626892,8.22E-05,-0.000989084,-0.001119347,0.396481156,0.010998487,9.042075157,-2.19E-06,-0.039805505,-2.33E-05,5824,1,None,Red,Driving
d3faac0b,13-04-2025 10:57,7e92bef7,1,15.37748358,0,1,0,-179.8410645,-0.000117904,-0.000189171,-0.004745292,-3.360177517,-7.26E-05,9.781737328,-7.85E-08,0.006735787,3.66E-07,5456,1,None,Red,Driving
a6cd6ff0,13-04-2025 10:57,7e92bef7,0,0.808059524,0,1,0,-179.8420868,-0.000117859,-0.000205522,-0.00601635,-4.338933468,-0.00120342,9.800823212,6.00E-06,-0.004723073,-0.000504198,5652,1,None,None,Driving
6221bd12,13-04-2025 10:57,c926df1d,1,16.75677399,0,1,0,-89.36828613,-0.000473603,-0.000964152,0.141542777,-4.414928913,0.008602142,9.829214096,-3.62E-06,0.008658599,-1.14E-05,4864,1,None,Red,Driving
dc4c9b04,13-04-2025 10:57,c926df1d,0,0.005118716,0,1,0.000175733,-89.37432098,-0.000457302,-0.000963974,0.142491758,-0.030741127,-0.00499309,9.809390068,-1.21E-06,-0.016426956,-2.14E-06,4724,1,None,Red,Driving
1bdadb4d,13-04-2025 10:58,20c16007,1,19.44629601,0.850000024,0,-0.029202333,-98.802948,0.000203046,-0.00038055,0.042811356,0.227059737,-0.028930366,9.813029289,5.92E-05,0.001144976,-0.128813133,5116,1,None,None,Driving
49a32d95,13-04-2025 10:58,20c16007,0,20.7891832,0.850000024,0,-0.0223649,-99.4155426,0.000237797,-0.000386745,0.042821083,-2.16707778,-0.026404858,9.806762695,7.51E-05,-0.000765776,0.053853765,5680,1,None,None,Driving
918a0008,13-04-2025 10:58,20c16007,1,16.44742333,0,0.398747891,0.008391935,-94.72289276,0.000340327,-0.000401811,0.04252037,-0.709070265,0.077180505,9.813498497,0.0002951,0.001033858,0.025598692,4864,1,None,Red,Driving
37f939ed,13-04-2025 10:58,20c16007,0,0.000339295,0,1,0.021913731,-92.5776062,0.000360044,-0.000402797,0.04277214,-0.680411398,0.02808553,9.786536217,0.000253405,-0.003145541,8.67E-07,5208,1,None,Red,Driving
b53cb58a,13-04-2025 10:58,60afbd48,1,5.253852973,0,1,0,-90.16747284,-0.000452581,-0.00040572,0.013312835,-27.5211525,0.002788544,10.06914902,-5.29E-05,0.129438758,-0.00042238,5512,1,None,Red,Driving
890e6ffb,13-04-2025 10:58,60afbd48,0,0.001187773,0,1,0,-90.16876221,-0.00045223,-0.000405721,0.010143165,-0.062663309,-0.000218309,9.866135597,7.40E-06,-0.003791399,2.98E-07,5528,1,None,Red,Driving
c483b292,13-04-2025 10:58,7e92bef7,1,11.62451988,0,1,0,-179.8391724,-0.000116397,-0.000731183,-0.005709648,-5.831644535,-0.000268385,9.797180176,9.18E-06,0.01068233,5.18E-07,4928,1,None,Red,Driving
a15ba95a,13-04-2025 10:58,7e92bef7,0,0.004752031,0,1,0,-179.8367004,-0.000116375,-0.000739372,-0.005940514,0.017666385,-0.000170036,9.870764732,-1.13E-06,-0.01185738,-1.59E-06,5496,1,None,Red,Driving
a5c9fca8,13-04-2025 10:58,5d23cd89,1,18.75550824,0.358364701,0,-0.035193618,-110.8822021,-0.000863025,-0.000908066,-0.003293877,-0.584479809,-0.076014578,9.808612823,-0.000387039,0.000988649,-0.052215729,5024,1,None,None,Driving
8e2cd85e,13-04-2025 10:58,5d23cd89,0,18.51131878,0.486036062,0,-0.024228238,-111.3887711,-0.000841501,-0.000916733,-0.003344002,0.090328455,-0.073922381,9.80738163,0.001717543,-0.001665649,-0.023272863,4892,1,None,None,Driving
8c6b881e,13-04-2025 10:58,6c9418f3,1,20.66493144,0,0.486623913,-0.139128178,-118.9441833,-0.000222794,0.000924146,-0.004314232,-3.485080481,-1.695806026,9.781515121,0.005784851,0.030996308,-0.248144075,5436,1,None,None,Driving
67fe7ae0,13-04-2025 10:58,6c9418f3,0,19.29287708,0.850000024,0,-0.098103948,-128.8958282,-0.000198469,0.000906157,-0.004178772,0.260074615,-0.766351342,9.795836449,0.014416515,-0.001392571,-0.290354252,5116,1,None,None,Driving
dd5f21eb,13-04-2025 10:58,5d23cd89,1,12.81458982,0.850000024,0,0.027199173,-91.72563934,-0.000646117,-0.000964937,-0.003507881,-2.143190622,-0.008281231,9.835852623,-0.000620043,-0.007004477,0.027103817,5260,1,None,None,Driving
80e3a24c,13-04-2025 10:58,5d23cd89,0,17.35762579,0,0.699999988,0.03418196,-91.15579224,-0.00061502,-0.000965228,-0.00366375,-2.313427687,0.032804489,9.828280449,-0.001089883,0.012480159,0.023927761,5372,1,None,None,Driving
5a4909c1,13-04-2025 10:58,3cf5e815,1,14.06711238,0,1,-0.004477761,0.167223439,-0.00021986,-0.000646686,-0.006183662,-3.666473866,-0.019841688,9.877180099,0.000783321,0.022816626,-0.009888571,5020,1,None,Red,Driving
616b1bbc,13-04-2025 10:58,3cf5e815,0,0.027506038,0,1,-0.000373486,0.001545442,-0.00021987,-0.000634602,-0.000238457,-8.833667755,-0.138870105,9.164232254,-0.00030376,-0.008096574,-1.20E-05,5008,1,None,Red,Driving
aab3c857,13-04-2025 10:58,20c16007,1,19.0694274,0.84779042,0,-0.135121271,-105.7188568,0.000505514,-0.000416857,0.04281456,-0.456469536,-2.771517992,9.812634468,-0.001207585,0.001451607,-0.249311119,4756,1,None,None,Driving
1816c1e3,13-04-2025 10:58,20c16007,0,20.87184403,0,0.585353315,-0.08161667,-112.9576187,0.000531239,-0.000427164,0.042804983,-3.66219759,-0.861647129,9.807510376,0.000944911,0.002231183,-0.250359446,5576,1,None,None,Driving
5b8af188,13-04-2025 10:58,6c9418f3,1,12.54052869,0,1,0,-179.8400421,-0.000149343,-0.000192418,-0.003966675,2.027020454,0.000511271,9.873076439,4.14E-06,-0.029120339,5.31E-06,5608,1,None,Red,Driving
40d9ea6f,13-04-2025 10:58,6c9418f3,0,0.701493062,0,1,0,-179.8509674,-0.000149317,-0.000201292,-0.001885567,-24.2136898,0.042898882,9.74686718,-2.52E-05,0.099022321,-0.001046743,5460,1,None,Red,Driving
e8666673,13-04-2025 10:58,60afbd48,1,19.40553018,0.59148854,0,-0.144606143,-113.0419846,-0.00025443,-0.000426382,0.011333389,-1.494649887,-3.003488064,9.769044876,-0.018647894,0.00756445,-0.344467252,5256,1,None,None,Driving
60423c2c,13-04-2025 10:58,60afbd48,0,19.39489757,0.850000024,0,-0.073781557,-122.6431046,-0.000221648,-0.000444658,0.01126419,-1.753650665,-1.824481249,9.807496071,-0.014278257,0.014547596,-0.267792612,5128,1,None,None,Driving
a5bfd78d,13-04-2025 10:58,7e92bef7,1,19.89620233,0.733370781,0,0.140225515,-95.89993286,-1.59E-06,-0.000958347,-0.004530563,1.025260448,0.722839236,9.818753242,-0.00475942,-0.004245858,0.209769309,5260,1,None,None,Driving
76a91542,13-04-2025 10:58,7e92bef7,0,20.40185344,0.358096987,0,0.090153128,-93.64595795,2.84E-05,-0.000958779,-0.004513893,0.761834443,0.221770525,9.819602013,-0.001845601,-0.00296507,0.068374187,5340,1,None,None,Driving
d6c8762d,13-04-2025 10:59,20c16007,1,15.12098613,0,1,-0.002099104,91.03522491,8.77E-05,-0.001020423,0.042627182,-3.66682291,-0.003026724,9.809926033,2.35E-05,0.001802249,-0.004907267,5876,1,None,Red,Driving
8663bedd,13-04-2025 10:59,20c16007,0,0.00017659,0,1,0.006756003,90.66660309,7.32E-05,-0.001020668,0.042722967,-0.001269744,-3.05E-05,9.80736351,-3.35E-05,-0.004235966,1.69E-07,5028,1,None,Red,Driving
ab2f208d,13-04-2025 10:59,559432b7,1,19.20427429,0.850000024,0,-0.118700564,146.0542908,0.000554672,-0.000374604,0.003517609,0.969258547,-2.212966442,9.771144867,-0.015023081,0.015899267,-0.43575567,5340,1,None,None,Driving
a21b1a92,13-04-2025 10:59,82b227dd,1,20.60437491,0.162058473,0,-0.015177513,91.07813263,0.000357439,-0.000437205,-0.003488655,0.149117962,-0.072886445,9.809221268,0.000480634,-0.000281298,-0.023401737,5152,1,None,None,Driving
35202953,13-04-2025 10:59,559432b7,0,19.64990969,0.850000024,0,-0.04195952,127.9055862,0.000517456,-0.000407488,0.002971306,-0.696065903,-1.605361342,9.778186798,0.005160267,0.011407776,-0.336718976,5440,1,None,None,Driving
05f233fe,13-04-2025 10:59,82b227dd,0,20.48404728,0.314651638,0,-0.002384683,90.45617676,0.000301096,-0.00043769,-0.003459816,-0.017686555,-0.00262285,9.809939384,3.71E-05,8.29E-05,-0.005470109,5508,1,None,None,Driving
6108e4c3,13-04-2025 10:59,5d23cd89,1,17.15710326,0,1,0.092809826,-8.179452896,0.000549684,-0.000670706,-0.003470421,-0.317989856,0.567400515,9.808516502,-0.006553893,0.000573041,0.155191675,6116,1,None,Red,Driving
34a67872,13-04-2025 10:59,5d23cd89,0,0.005068267,0,1,0.068248667,-4.298829556,0.000551949,-0.000640045,-0.001236763,-15.72068787,-0.56949532,9.821011543,-0.007184252,0.018028982,0.011831317,5432,1,None,Red,Driving
a762326f,13-04-2025 10:59,5d23cd89,1,8.886496085,0.850000024,0,0.059692886,-3.847383022,0.000552126,-0.000635344,-0.006332436,5.723218918,0.176222935,9.825139999,0.002299002,-0.014727732,0.037643652,5888,1,None,Green,Driving
1c884dc8,13-04-2025 10:59,5d23cd89,0,9.856533782,0.850000024,0,0.058219846,-3.733674049,0.000552598,-0.000620917,-0.005709114,3.60473156,0.149725527,9.804912567,-0.001452403,0.012008899,0.045025624,5312,1,None,Green,Driving
39ff0a20,13-04-2025 10:59,559432b7,1,19.89590992,0.437447846,0,-0.006477322,101.6449051,0.000336014,-0.000444185,0.002865906,0.908208191,-0.113279283,9.815201759,-0.012676018,-0.010281968,-0.108596638,5240,1,None,None,Driving
041fc004,13-04-2025 10:59,559432b7,0,19.8206499,0.612995923,0,0.005695365,101.0850067,0.00030907,-0.000449634,0.00285553,0.524472773,-0.007120252,9.814907074,0.005025759,-0.005863172,0.010021596,5264,1,None,None,Driving
3a40ef5c,13-04-2025 10:59,82b227dd,1,15.17847659,0,1,-0.001337816,89.92158508,8.91E-05,-0.00043867,-0.003174095,-2.527371883,0.00063467,9.80728817,0.000600286,0.00325598,-0.001270958,5724,1,None,Red,Driving
1f013f70,13-04-2025 10:59,82b227dd,0,4.736126334,0,1,-0.001127911,89.91912842,7.25E-05,-0.000438624,-0.002722969,-9.781187057,-0.269865036,9.663428307,-0.010051597,0.003047973,0.005538097,5660,1,None,Red,Driving
d66bf8e1,13-04-2025 10:59,559432b7,1,16.63778191,0.432237476,0,-0.004941604,90.39461517,8.17E-05,-0.000469684,0.002593117,-0.311328441,-0.053417265,9.811881065,-0.00184335,4.45E-05,-0.016402099,5556,1,None,Red,Driving
0f7e052e,13-04-2025 10:59,559432b7,0,4.552451292,0,1,0,90.19069672,5.48E-05,-0.000469777,0.001562042,-3.096811533,-0.003049135,9.801344872,2.68E-05,-0.005341398,-0.005243365,5592,1,None,Red,Driving
d8866c10,13-04-2025 10:59,2d744a52,1,19.43095487,0.375624716,0,-0.003592239,-100.2025833,0.00023231,-0.000385404,-0.029397583,-0.711884141,-0.030832767,9.807986259,-0.002480964,-0.001049282,-0.010446957,5072,1,None,None,Driving
ab9b505c,13-04-2025 10:59,2d744a52,0,19.14451944,0.437174082,0,-0.002316454,-100.2604446,0.000262704,-0.000390934,-0.029405555,-0.528367698,-0.004004478,9.80906868,-0.000289911,-0.000667482,-0.001906386,5496,1,None,None,Driving
756220fe,13-04-2025 10:59,2d744a52,1,10.28202139,0,1,0.028085681,-92.42391205,0.000358978,-0.000403008,-0.029157868,-3.846380234,0.045692444,9.837557793,0.023066919,-0.031909719,0.050242506,5004,1,None,Red,Driving
07e281da,13-04-2025 10:59,2d744a52,0,0.000239284,0,1,0.024517348,-92.42525482,0.000360116,-0.000403048,-0.029558638,-0.024346091,0.00019985,9.810856819,-6.85E-05,0.001788529,-3.26E-07,5356,1,None,Red,Driving
4e9141a7,13-04-2025 10:59,559432b7,1,15.79026479,0,1,-0.001066182,179.9427032,-0.000116138,-0.000735818,0.00258522,-1.969985485,-0.027852206,9.800688744,-0.000841823,0.010358688,-0.002514881,4804,1,None,Red,Driving
e09584d7,13-04-2025 10:59,559432b7,0,3.400327892,0,1,0.005628011,-179.47435,-0.000116053,-0.000759373,0.001664963,-3.052852869,-0.013978958,9.800551414,-0.001637535,-0.002181962,0.008115086,5524,1,None,Red,Driving
8e3328e0,13-04-2025 10:59,15fa5b49,1,22.54973182,0,0.097576186,-0.106810853,-8.474495888,-0.000250125,-0.000250427,0.06672062,8.150286674,-1.668452501,9.529899597,0.002179063,-0.025644252,-0.339844972,5704,1,None,None,Driving
d3b33dca,13-04-2025 10:59,15fa5b49,0,20.56969527,0,0.40202105,-0.044398643,-11.50615025,-0.000242575,-0.00021499,0.067437284,1.602337599,-0.002045292,9.847932816,0.000846395,-0.017654004,0.002343648,5268,1,None,None,Driving
d558982a,13-04-2025 10:59,6c9418f3,1,23.25057239,0,0.699999988,-0.111499876,125.9135361,-0.000215927,-0.000403884,-0.005551071,0.511890173,-1.310794592,9.908733368,0.01058955,0.00815897,-0.222572371,5304,1,None,None,Driving
5cd71b0b,13-04-2025 10:59,6c9418f3,0,18.94865999,0.850000024,0,-0.187115699,114.7443695,-0.000249641,-0.000421591,-0.004543495,-0.24004364,-2.187728643,9.801969528,-0.030338205,0.006340757,-0.248444453,5244,1,None,None,Driving
1023246b,13-04-2025 10:59,7e92bef7,1,20.14486572,0.494291574,0,0.107527286,6.01591444,0.00054504,0.000320987,-0.004389343,0.19211778,1.084875464,9.79928112,-0.00747632,0.000657602,0.224407956,5160,1,None,None,Driving
0ac8a8bf,13-04-2025 10:59,7e92bef7,0,19.90548308,0.547885954,0,0.083675645,7.748095512,0.000539123,0.00035543,-0.004417,-0.132684603,0.150465086,9.804572105,0.000935316,0.000177204,0.050306145,5736,1,None,None,Driving
cc756c67,13-04-2025 10:59,c926df1d,1,16.68547859,0.431279838,0,0,0.157620877,-0.000223591,0.000668621,0.141619906,-1.423448801,-0.000478,9.806448936,2.28E-06,0.001395567,-2.61E-06,5208,1,None,Red,Driving
d70d2dab,13-04-2025 10:59,c926df1d,0,0.03172526,0,1,0,0.156131282,-0.000223642,0.000687043,0.142549127,-24.24482155,0.000306431,9.793883324,-9.42E-06,0.029369194,-0.000205465,5072,1,None,Red,Driving
8aa8bd04,13-04-2025 10:59,2d744a52,1,20.32475332,0.291051358,0,-0.089863658,99.55447388,0.000377865,-0.00096997,-0.029417533,-0.368075967,-0.692443132,9.826704979,-0.072729006,-0.006587826,-0.225979418,5092,1,None,None,Driving
3cab496d,13-04-2025 10:59,2d744a52,0,20.02554842,0.503933549,0,-0.048719183,98.01826477,0.000342775,-0.000974335,-0.029438438,-0.298240542,-0.07537514,9.81023407,-0.00563495,-0.001584485,-0.023470024,5856,1,None,None,Driving
8a87b2d3,13-04-2025 10:59,6c9418f3,1,17.36666555,0.41746819,0,0,89.83896637,-0.000944178,-0.000435782,-0.00440815,0.026176956,0.001353575,9.803527832,-1.06E-05,-0.002817715,2.94E-06,5300,1,None,Red,Driving
a0766b33,13-04-2025 10:59,6c9418f3,0,0.004211268,0,1,0,89.83485413,-0.000964511,-0.000435726,-0.000891075,-4.120659351,-0.001660347,9.445311546,-0.000157025,-0.006358334,-9.70E-06,5188,1,None,Red,Driving
ae721821,13-04-2025 11:00,7e92bef7,1,16.61791722,0.454007417,0,0.003741776,90.10756683,0.00010846,0.000893215,-0.004672279,-0.251828611,0.011357531,9.807991028,-0.000261312,-0.00059781,0.005756217,5212,1,None,Red,Driving
34041cc8,13-04-2025 11:00,7e92bef7,0,7.355488351,0.850000024,0,0.001792448,90.20748138,8.64E-05,0.000893126,-0.006061401,-1.935782671,0.001801491,9.849741936,8.21E-06,-0.008104984,0.001139757,5052,1,None,None,Driving
ef73a438,13-04-2025 11:00,82b227dd,1,20.17406782,0.283335388,0,0.232346117,90.50860596,-0.000781445,-0.000437177,-0.003370247,-0.811953545,4.00338459,9.81080246,0.024571639,0.000925148,0.121201858,5828,1,None,None,Driving
243e51c4,13-04-2025 11:00,82b227dd,0,20.45504508,0.444518924,0,0.19057025,93.04653168,-0.000811755,-0.000441857,-0.003448677,0.239179313,1.08314538,9.796635628,0.010800479,0.001068163,0.22744216,5972,1,None,None,Driving
419b947a,13-04-2025 11:00,82b227dd,1,17.04270555,0.417132825,0,-0.049415864,93.94052887,-0.000968905,-0.000464964,-0.003647118,2.32202816,-0.095150471,9.794355392,0.00321183,-0.005767318,-0.057903349,5452,1,None,Green,Driving
28398d6c,13-04-2025 11:00,82b227dd,0,17.49871084,0.129412398,0,-0.046373807,93.63253021,-0.000990189,-0.000465763,-0.003531303,1.644639492,-0.189359546,9.812360764,0.002686356,-0.005707325,-0.054217897,5676,1,None,Green,Driving
6eb284fa,13-04-2025 11:00,2d744a52,1,21.17477565,0.281152248,0,-0.201503247,57.38519669,-0.000158186,-0.000959801,-0.029509582,1.997747421,-3.976248503,9.93694973,0.105960682,-0.015124854,-0.510075271,5248,1,None,None,Driving
3d71a936,13-04-2025 11:00,2d744a52,0,6.430244774,0.850000024,0,-0.118883125,48.38231659,-0.000176549,-0.000944545,-0.029098434,4.488187313,-0.275378823,9.807592392,-0.014451208,0.053425379,-0.133969262,5416,1,None,None,Driving
502c62f6,13-04-2025 11:00,559432b7,1,19.80361181,0.531474173,0,0.011289288,77.23601532,0.000363065,-0.000461867,0.002782936,0.408623517,-0.042514548,9.8122015,0.013647076,-0.001679041,0.097238749,5084,1,None,None,Driving
8c612e4c,13-04-2025 11:00,559432b7,0,20.43125374,0.32170251,0,-0.009718549,78.11079407,0.000331329,-0.000454897,0.002771797,-0.268250436,-0.039657295,9.81321907,-0.006171123,0.004915767,-0.045652829,4880,1,None,None,Driving
7a941f0b,13-04-2025 11:00,aaf781f7,1,19.72599486,0.769155502,0,-0.236486003,85.23168945,-0.00065543,-0.001027285,0.000280571,0.109848499,-1.214701891,9.722070694,0.052282974,0.019043032,-0.487417668,5108,1,None,None,Driving
4eed7835,13-04-2025 11:00,aaf781f7,0,19.88334998,0.726882696,0,-0.207323834,83.8744278,-0.000682568,-0.001021453,-0.001380577,-0.272907823,-0.524163127,9.83049202,-0.004342324,-0.00131304,-0.12314909,5524,1,None,None,Driving
29feff9f,13-04-2025 11:00,82b227dd,1,20.47549946,0.368642509,0,0.07122609,-120.9050751,-0.000975543,-0.000859038,-0.003411751,-0.208622992,0.284004569,9.809167862,-0.00262319,0.000564976,0.110199355,5780,1,None,None,Driving
bb67dce0,13-04-2025 11:00,82b227dd,0,20.36225564,0.375667334,0,0.086483039,-117.8869171,-0.000936746,-0.000878651,-0.003456688,-0.270928174,0.34703508,9.809343338,0.004328402,0.000823521,0.11407207,5260,1,None,None,Driving
2.68E+157,13-04-2025 11:00,82b227dd,1,20.47818335,0.310878873,0,0.072800279,-101.0609894,-0.000782799,-0.000925682,-0.003419456,-0.123307526,0.325570673,9.808444023,0.001542905,0.000463239,0.105035603,6008,1,None,None,Driving
0741172f,13-04-2025 11:00,82b227dd,0,20.52000385,0.32183069,0,0.062731795,-100.3219376,-0.000754891,-0.000929587,-0.003424721,0.333262801,0.271138608,9.805480003,-0.004170153,-0.000515889,0.085566245,6084,1,None,None,Driving
c7f21511,13-04-2025 11:00,82b227dd,1,13.22789627,0,1,0.000304379,-89.57967377,-0.000483237,-0.000932809,-0.002885551,-7.593595505,0.040132523,9.845906258,-1.69E-05,0.009838856,-0.03110075,5268,1,None,Red,Driving
5817a505,13-04-2025 11:00,82b227dd,0,0.00493919,0,1,0.006204535,-89.67773438,-0.000476913,-0.000932727,-0.003357811,-0.02906169,0.0074063,9.828605652,0.000332765,-0.014978356,8.76E-07,5420,1,None,Red,Driving
876342f6,13-04-2025 11:00,20c16007,1,15.76252053,0,1,0,-89.60998535,-0.000451258,0.00098386,0.042636298,-3.438936234,0.003399372,9.811120033,-2.10E-07,0.001704808,-4.26E-06,5600,1,None,Red,Driving
bd72e729,13-04-2025 11:00,20c16007,0,0.000147431,0,1,-0.006499939,-89.30499268,-0.000437327,0.000983952,0.042750128,-0.002373216,-6.43E-05,9.808551788,2.09E-05,-0.004100229,-3.76E-07,5640,1,None,Red,Driving
6270d303,13-04-2025 11:01,5d23cd89,1,18.1384207,0.099459596,0,0,-179.6420746,-0.001200178,-0.000156657,-0.003498268,1.140335083,0.002792649,9.808623314,5.77E-05,-0.000217454,0.009955694,5964,1,None,Red,Driving
ab85d197,13-04-2025 11:01,5d23cd89,0,0.008442611,0,1,0,-179.6745148,-0.001200111,-0.000166738,-0.000873756,-0.005774628,0.004661557,9.768287659,5.20E-05,-0.026352616,-7.18E-06,5880,1,None,Red,Driving
017dca39,13-04-2025 11:01,79e49d92,1,20.1399859,0.121599033,0,-0.117351621,-119.6061249,-0.000223062,0.000924756,0.001225815,-1.662656784,-2.511489153,9.812893867,-0.018232595,0.04323817,-0.387530357,5368,1,None,None,Driving
319bdfc8,13-04-2025 11:01,3cf5e815,1,19.78735344,0.850000024,0,0.079726823,102.1405792,-0.000769901,0.000914699,-0.009235916,1.032347918,0.684497237,9.952666283,-0.023503678,0.019143339,0.206902996,5100,1,None,None,Driving
90e73748,13-04-2025 11:01,3cf5e815,0,21.60946751,0,0.663232625,0.014206521,104.8707047,-0.000798068,0.000907254,-0.005664444,-4.257740021,0.236677647,9.676025391,-0.003356259,0.024721468,-0.018715266,5372,1,None,None,Driving
8b525611,13-04-2025 11:01,79e49d92,0,20.06149698,0.405071706,0,-0.141944721,-141.269928,-0.000179836,0.000886887,0.001565132,-0.842465639,-2.062252045,9.773695946,0.012857533,0.027467098,-0.385416538,5060,1,None,None,Driving
ced6a265,13-04-2025 11:01,7e92bef7,1,19.94521519,0.642595887,0,0.134471029,-95.67084503,-0.001047306,-0.000372218,-0.004919319,0.002550483,0.773394048,9.84023571,-0.010710452,0.000655367,0.217225015,5028,1,None,None,Driving
a861d434,13-04-2025 11:01,7e92bef7,0,19.91971261,0.570148468,0,-0.071765862,-92.89813232,-0.001010039,-0.000375234,-0.004366264,0.413111448,-0.566486716,9.805603027,0.002434541,-0.000748356,-0.170893326,5052,1,None,None,Driving
2c6a4cdc,13-04-2025 11:01,7e92bef7,1,19.97847682,0.567034483,0,0.051405545,-96.7266922,-0.000865049,-0.000400213,-0.004458923,-0.169106588,0.21109286,9.808034897,-0.009058946,0.000926238,0.084331304,5568,1,None,None,Driving
d5a98e11,13-04-2025 11:01,7e92bef7,0,19.93972482,0.597551465,0,0.043157265,-96.07413483,-0.000836908,-0.000402258,-0.005767288,-6.142338753,0.064684868,9.804104805,-0.003187947,0.012172208,0.055570565,5552,1,None,None,Driving
19079d2b,13-04-2025 11:01,60afbd48,1,13.18999966,0,1,-0.000175733,-89.62051392,-0.000448874,0.000983883,0.011334419,-6.093129635,0.005381584,9.835931778,-1.04E-05,0.024716038,0.000534284,5640,1,None,Red,Driving
47b5a125,13-04-2025 11:01,60afbd48,0,0.006661397,0,1,0.000945979,-89.65148163,-0.000440018,0.000983944,0.01060131,-0.083032042,0.005508423,9.866382599,1.72E-05,-0.019337727,3.67E-07,5784,1,None,Red,Driving
9765281e,13-04-2025 11:01,2a54d78f,1,20.23209847,0.850000024,0,-0.272161305,-100.4871368,0.000208226,0.000985086,-0.028909339,-0.306595564,-2.293792009,9.589993477,-0.06865903,-0.02279979,-0.626762986,4904,1,None,None,Driving
9f4430cc,13-04-2025 11:01,2a54d78f,0,24.12501165,0,0.699999988,-0.127671421,-106.3225021,0.000239089,0.000974058,-0.034370061,-3.798018456,-0.845855236,10.30660725,0.000978573,0.001597299,-0.068546414,5112,1,None,None,Driving
a03680f0,13-04-2025 11:01,5d23cd89,1,12.1495621,0,1,0,-89.38066101,-0.000476695,-0.000964214,-0.002921562,-2.848083973,0.000602007,9.811202049,-3.12E-05,0.000439056,1.29E-05,5208,1,None,Red,Driving
8d28cb84,13-04-2025 11:01,5d23cd89,0,0.003471334,0,1,0.000439827,-89.37572479,-0.000464841,-0.000964084,-0.001085091,-14.34892654,-0.004067421,9.796610832,-2.08E-05,0.019785203,-0.000344462,5992,1,None,Red,Driving
c70c30f5,13-04-2025 11:01,79e49d92,1,17.41859109,0.322112143,0,-0.000694801,-179.8281403,-0.000149346,-0.000188471,0.001502495,3.275455713,-0.005900645,9.75977993,-0.000200875,-0.051987726,0.00078398,5584,1,None,Red,Driving
949790bb,13-04-2025 11:01,79e49d92,0,0.079112296,0,1,-0.000714716,-179.8120117,-0.00014929,-0.000208175,0.004842987,-0.116840243,-0.00095348,9.804103851,0.000241623,-0.117007546,-8.00E-05,5524,1,None,Red,Driving
18ff2fb0,13-04-2025 11:01,2d744a52,1,18.59487139,0.850000024,0,-0.013063271,-13.48991776,0.000526861,0.000124278,-0.029273413,-1.532135367,-0.080840006,9.799473763,-0.006734469,0.002349803,-0.025297457,5760,1,None,None,Driving
cb44e7ef,13-04-2025 11:01,2d744a52,0,18.07235451,0.850000024,0,-0.009635011,-13.78835106,0.000533321,0.00015017,-0.029463768,-3.095535517,-0.020199979,9.798319817,-0.001062006,-0.003017596,-0.005651114,4956,1,None,None,Driving
37c20a6d,13-04-2025 11:02,82b227dd,1,16.75124813,0.447047055,0,0.106987886,-4.445100307,-0.00025138,-0.000782791,-0.004172096,1.643089652,0.280499101,9.810873985,-0.001072015,0.00143425,0.112810656,5680,1,None,None,Driving
ce7576c7,13-04-2025 11:02,82b227dd,0,17.07251921,0,0.135738,0.063209794,-2.591491699,-0.00025096,-0.000750086,-0.003443565,1.825877786,0.178082451,9.801721573,-0.000711787,0.00017159,0.083651207,5272,1,None,None,Driving
7daa0054,13-04-2025 11:02,7e92bef7,1,15.98051574,0.49758926,0,0.000439827,-89.57146454,0.000340878,-0.000405901,-0.004698067,-0.568951547,-0.011922836,9.806051254,-7.16E-05,0.000720223,-7.95E-05,5340,1,None,Red,Driving
09324c2c,13-04-2025 11:02,7e92bef7,0,4.154354928,0,1,0,-89.56814575,0.00035734,-0.000405777,-0.00614605,-4.718392372,0.000265121,9.804374695,1.30E-05,-0.003334301,2.25E-07,4964,1,None,Red,Driving
e2153dd9,13-04-2025 11:02,2a54d78f,1,18.68115808,0.188629389,0,0,-179.4147797,0.000581322,-0.000189007,-0.026602192,5.397439957,-0.010585412,9.698180199,0.001051575,0.023047434,-0.000436726,5272,1,None,Red,Driving
e25ba7fc,13-04-2025 11:02,3cf5e815,1,21.05000611,0.070229508,0,-0.001436689,-161.5897369,-0.001125979,-0.000725114,-0.008902321,0.839372635,-0.139983594,9.939308167,0.001039399,0.011575036,0.040464956,5136,1,None,None,Driving
df449cd2,13-04-2025 11:02,3cf5e815,0,20.1489173,0.279494911,0,-0.000150614,-161.5614166,-0.001117803,-0.000749697,-0.005108337,0.083350748,-0.019996736,9.643471718,-8.72E-05,-0.027882196,-7.81E-05,4816,1,None,None,Driving
fe81c47e,13-04-2025 11:02,2a54d78f,0,0.000234619,0,1,0.001101421,-179.4481659,0.000581396,-0.000196055,-0.030028323,-0.008089914,0.002444665,9.809243202,4.87E-05,3.72E-05,3.96E-08,5280,1,None,Red,Driving
64d20198,13-04-2025 11:02,2d744a52,1,16.16289433,0.411991537,0,0.000879655,90.10509491,8.71E-05,0.000924443,-0.02956501,-0.081887804,0.011706058,9.809260368,-4.46E-05,0.001340646,0.001942616,4972,1,None,Red,Driving
f62b75b4,13-04-2025 11:02,2d744a52,0,0.001877452,0,1,0.003338138,90.13149261,8.02E-05,0.000924425,-0.029309805,0.034900852,9.72E-05,9.821415901,-0.000124371,0.014674306,-1.22E-06,5340,1,None,Red,Driving
f4a2730e,13-04-2025 11:02,7b384fe9,1,23.2123178,0.850000024,0,-0.190838605,-123.1093292,-0.000178989,0.000924381,-0.000827065,13.74565315,-3.269539833,9.784050941,-0.011776526,-0.028392497,-0.460520923,5604,1,None,None,Driving
5685a887,13-04-2025 11:02,7b384fe9,0,16.20231346,0.850000024,0,-0.152279168,-138.8086395,-0.000154602,0.000900604,-0.001547012,2.107973099,-1.316730499,9.834412575,0.007782798,-0.022814097,-0.263794035,5188,1,None,None,Driving
78b33d56,13-04-2025 11:02,c926df1d,1,19.59263128,0.821226656,0,-0.278439969,99.55106354,0.000317836,-0.000996816,0.141846761,0.335839868,-1.546390057,9.792775154,0.011288122,-0.0006638,-0.545922995,5688,1,None,None,Driving
00b67ed1,13-04-2025 11:02,c926df1d,0,19.97215315,0.745985568,0,-0.231608108,96.80817413,0.0002899,-0.000996606,0.141867563,-1.168475389,-0.551852822,9.799742699,0.002195135,0.000145375,-0.065636352,4896,1,None,None,Driving
ffa6d097,13-04-2025 11:02,c926df1d,1,17.32754489,0.263870001,0,0.008780582,89.96981812,9.94E-05,-0.000989669,0.141516417,-0.995459259,0.05075258,9.811861992,-0.000278875,0.000705183,0.014336135,5756,1,None,Red,Driving
9e52f0b0,13-04-2025 11:02,82b227dd,1,15.81364623,0,0.006125233,0.183189422,82.18913269,-0.00037346,0.000363132,-0.003357658,-0.74845475,0.509040892,9.80918026,-0.000324358,-0.00049406,0.191922158,5676,1,None,None,Driving
aef70384,13-04-2025 11:02,c926df1d,0,0.000641915,0,1,0.003458198,90.1705246,7.98E-05,-0.000989748,0.143116906,-16.93569374,-0.025033951,9.637363434,3.17E-05,-0.001546157,-1.18E-06,5116,1,None,Red,Driving
9c51e865,13-04-2025 11:02,82b227dd,0,14.34982958,0.010691534,0,0.081728093,86.50534821,-0.000398027,0.000363871,-0.003463325,-0.615299165,0.175741524,9.810109138,0.000769203,0.000104538,0.079421327,5612,1,None,None,Driving
12c97c71,13-04-2025 11:02,79e49d92,1,20.40896139,0.252249748,0,0.042132773,99.11534119,-0.000803292,-0.000440472,0.001571045,-0.324560523,0.494779229,9.809874535,-0.020959841,0.005445762,0.107019134,5696,1,None,None,Driving
4d5df648,13-04-2025 11:02,79e49d92,0,20.25469307,0.334865034,0,0.028410561,99.93565369,-0.000835638,-0.000446535,0.001377029,-0.208339632,0.030496731,9.826852798,-0.000620795,0.005571913,0.007333654,5248,1,None,None,Driving
3d359a2d,13-04-2025 11:02,7e92bef7,1,20.17084288,0.361102909,0,-0.178831279,-110.598381,0.000496539,-0.000420847,-0.004340553,-0.691309094,-1.277412653,9.787623405,0.003796113,0.003430612,-0.288363278,5036,1,None,None,Driving
e9ae4f03,13-04-2025 11:02,7e92bef7,0,20.01049844,0.522619247,0,-0.210870892,-122.0726166,0.000522361,-0.000435923,-0.004391327,-0.669190168,-2.857943058,9.779579163,-0.003875133,0.003089699,-0.363204926,5660,1,None,None,Driving
48fb2228,13-04-2025 11:02,82b227dd,1,20.63716303,0.24401091,0,-0.083860204,3.396709681,-0.000627603,0.000507475,-0.003449364,-0.379502535,-0.24843739,9.813093185,0.000335375,0.000303136,-0.142219245,5812,1,None,None,Driving
94561d90,13-04-2025 11:02,82b227dd,0,20.66119567,0.20629634,0,-0.07679572,2.738197565,-0.00062781,0.000538265,-0.003440971,0.063015454,-0.275996745,9.809105873,0.000616016,8.37E-05,-0.118949622,5788,1,None,None,Driving
44a2f1fa,13-04-2025 11:02,aaf781f7,1,16.69426124,0,1,0.000694801,-179.8601685,-0.000149343,-0.000190545,-0.004612694,-0.748370588,0.015698908,9.957222939,0.000268345,-0.014037325,0.001254838,5604,1,None,Red,Driving
e0064bbb,13-04-2025 11:02,aaf781f7,0,0.032095498,0,1,0.000311182,-179.8786774,-0.000149307,-0.000203106,0.038250312,0.036593795,0.001891289,8.991947174,1.97E-05,-0.030204097,-6.66E-05,5516,1,None,Red,Driving
3872d445,13-04-2025 11:02,6c9418f3,1,18.00177356,0.850000024,0,0.089260712,10.52885246,0.000543769,9.38E-05,-0.003631706,-4.159704685,0.78934294,9.779557228,-0.027032588,0.018871373,0.149218708,5736,1,None,None,Driving
d343d860,13-04-2025 11:02,6c9418f3,0,18.69153342,0.850000024,0,0.040145941,12.92090511,0.000537618,0.000119534,-0.005487594,5.214622974,0.215334505,9.888839722,-0.005933007,-0.01934921,0.057359014,5644,1,None,None,Driving
04a6b21b,13-04-2025 11:02,3cf5e815,1,12.78950365,0,1,0.000800664,0.089551449,-0.000220001,-0.000646154,-0.005322418,-5.893083572,0.00102348,9.83380127,-0.000317357,0.036765482,0.001510027,5188,1,None,Red,Driving
1cff5b50,13-04-2025 11:02,3cf5e815,0,0.0292704,0,1,-0.000673231,0.170091435,-0.000220015,-0.000636115,-0.002765388,0.010634399,0.000768957,9.68000412,0.000188306,-0.055695504,-2.14E-05,5212,1,None,Red,Driving
e9e70e85,13-04-2025 11:03,82b227dd,1,20.57457403,0.294884861,0,0.173805565,84.58526611,-0.000732808,0.00088864,-0.003364525,0.27520594,0.616655648,9.804944038,0.000634791,-0.000429015,0.239671543,5408,1,None,None,Driving
a0b8f142,13-04-2025 11:03,82b227dd,0,20.45383991,0.266407132,0,0.08572606,87.16566467,-0.000768713,0.000888589,-0.003312569,0.063281707,-0.062317733,9.809499741,-0.002030854,0.000141814,0.140134692,5208,1,None,None,Driving
3ae46589,13-04-2025 11:03,5d23cd89,1,15.31235591,0.850000024,0,0.119403347,-8.856608391,0.000549662,-0.000671969,-0.003283882,-0.263162464,0.500555992,9.794341087,-0.008916557,0.007232163,0.139307663,5332,1,None,Red,Driving
ab288a71,13-04-2025 11:03,396768a5,1,16.96273483,0,0.063766114,0.000248524,-89.6083374,-0.000454578,0.000983847,-0.018491859,-2.335026503,0.005761862,9.756256104,0.000211258,0.007583607,1.60E-05,5320,1,None,Red,Driving
d03fbdef,13-04-2025 11:03,5d23cd89,0,0.000609273,0,1,0.079902254,-4.817414761,0.000551911,-0.000643434,-0.000761833,-3.273364544,-0.230255008,9.727351189,-0.004915685,0.009159022,8.65E-06,5928,1,None,Red,Driving
1b5684ef,13-04-2025 11:03,396768a5,0,0.002482947,0,1,-0.00061556,-89.59651947,-0.000437038,0.000983967,-0.018562699,-0.044644225,0.000269126,9.843647957,-3.20E-05,-0.009989847,5.62E-07,5552,1,None,Red,Driving
8b16258d,13-04-2025 11:03,82b227dd,1,20.50949521,0.297588199,0,0.131022885,145.2447052,-0.001132701,0.000726265,-0.003418922,0.418618262,0.668551564,9.803386688,-0.001390692,0.000575728,0.180233181,5404,1,None,None,Driving
2301f26e,13-04-2025 11:03,82b227dd,0,20.44170536,0.279866874,0,0.209160775,146.2590332,-0.00114713,0.000699163,-0.003421211,0.698325634,0.726506233,9.801972389,-0.00300091,-0.000307666,0.176339477,5744,1,None,None,Driving
43236cdc,13-04-2025 11:03,5d23cd89,1,10.63288157,0.850000024,0,0.065657087,-4.010224819,0.000552402,-0.000630269,-0.006027183,4.397738934,0.190532416,9.812019348,-0.000830996,0.003779524,0.054283492,5940,1,None,Green,Driving
c98b16a7,13-04-2025 11:03,5d23cd89,0,10.63288157,0.850000024,0,0.065657087,-4.010224819,0.000552903,-0.000612647,-0.003624687,-1.233120918,0.066640832,9.803894043,-0.000990816,0.012939325,0.035343122,5620,1,None,Green,Driving
d5084570,13-04-2025 11:03,20c16007,1,22.03965695,0,1,-0.363877028,108.3369141,0.000390156,-0.000969448,0.042773858,-5.281709194,-7.88495779,9.805194855,-0.00338369,0.006840915,-0.992055893,5104,1,None,None,Driving
ceca1907,13-04-2025 11:03,20c16007,0,12.04215831,0,1,-0.11580009,99.56893158,0.000373502,-0.000971877,0.042667273,-0.009908401,0.001135778,9.812469482,-0.000395402,-0.004097364,-1.81E-06,4964,1,None,None,Driving
e891283f,13-04-2025 11:03,c926df1d,1,19.01666628,0.850000024,0,-0.176259086,57.63119507,-0.000156719,-0.000961601,0.141968116,-1.094515085,-1.759171009,9.789916039,-0.001378463,-0.001191225,-0.341862202,5236,1,None,None,Driving
d6fcc9d2,13-04-2025 11:03,c926df1d,0,19.3352528,0.687459528,0,-0.191186935,44.96535492,-0.00018314,-0.000938581,0.14190349,-1.23461926,-2.032265186,9.787311554,-0.001362881,0.000308188,-0.367706716,5180,1,None,None,Driving
ac6ee578,13-04-2025 11:03,20c16007,1,20.31097898,0,0.699999988,-0.003286356,95.91596222,0.000295225,-0.000979846,0.042823754,-3.41236186,-0.055700779,9.806610107,6.74E-06,0.000255355,0.063050009,5904,1,None,None,Driving
7b5ad9dd,13-04-2025 11:03,20c16007,0,16.26469646,0.850000024,0,0.000351466,95.77086639,0.000270726,-0.000982309,0.042556874,4.169049263,0.02125597,9.809299469,3.99E-05,-0.001121323,0.000366993,5028,1,None,None,Driving
f863cea8,13-04-2025 11:03,559432b7,1,19.4942395,0.850000024,0,0.27251637,26.41469765,0.000545168,-0.000243658,0.002733383,1.662716627,5.25286293,9.644479752,0.053505536,0.0319301,1.490966439,5468,1,None,None,Driving
beafef33,13-04-2025 11:03,559432b7,0,20.40020268,0.229138404,0,-0.06330198,40.01317596,0.000528162,-0.000214647,0.00228508,1.817998886,-4.133634567,9.751527786,-0.090128571,0.007145307,-1.366819501,5296,1,None,None,Driving
09ea56b5,13-04-2025 11:03,2a54d78f,1,23.10565735,0.473318696,0,-0.178475574,58.04553986,-0.000158212,-0.000960077,-0.027735557,9.962730408,-2.955916643,10.22941494,0.026403176,0.036622543,-0.383037001,5576,1,None,None,Driving
7ed27b28,13-04-2025 11:03,2a54d78f,0,18.83430328,0.850000024,0,-0.150635839,43.87879562,-0.000187947,-0.000932451,-0.02895111,0.972942829,-0.917040527,9.656898499,-0.015996017,0.00604671,-0.297571093,5512,1,None,None,Driving
ea9df339,13-04-2025 11:03,7e92bef7,1,15.66996487,0,1,-0.000175733,0.103262439,-0.000251388,-0.000653459,-0.004859963,-1.811711431,-0.007916408,9.793294907,-6.10E-05,0.003363465,-4.73E-05,5652,1,None,Red,Driving
b008588b,13-04-2025 11:03,7e92bef7,0,0.665713293,0,1,0.000890449,0.115089856,-0.000251421,-0.000638664,-0.006040115,-4.519479752,-0.013375092,9.7987957,2.63E-05,-0.00371004,-0.002391956,5644,1,None,Red,Driving
a531ca7d,13-04-2025 11:03,aaf781f7,1,17.23933352,0.38601616,0,0.00061556,-179.848877,-0.000147882,-0.000718943,0.001236687,0.804189146,0.020513048,9.71668911,0.000654981,-0.010863032,0.000536288,5132,1,None,Red,Driving
505fdc8b,13-04-2025 11:03,aaf781f7,0,0.053352036,0,1,0.000761803,-179.8755951,-0.000147828,-0.00073686,0.03494091,-13.87907219,0.015050655,9.37984848,8.17E-05,0.15305914,-0.00138197,5408,1,None,Red,Driving
d7b603d0,13-04-2025 11:04,7b384fe9,1,14.65040581,0,1,0,-89.54644012,0.00034432,-0.000374438,-0.001233749,-4.453598022,-0.002326488,9.802046776,7.26E-06,0.011836634,-0.000233798,5420,1,None,Red,Driving
2c6f782c,13-04-2025 11:04,7b384fe9,0,0.008618481,0,1,0,-89.53955078,0.000356484,-0.000374343,-0.001537476,-0.057884932,-0.001027759,9.805524826,-1.90E-05,-0.020106856,-2.86E-06,5064,1,None,Red,Driving
c696e7e6,13-04-2025 11:04,82b227dd,1,20.42240155,0.278208405,0,0.005920756,-89.87036133,-0.000959931,-0.0004049,-0.003460426,0.070328742,0.041467778,9.80982399,0.000507471,0.000104382,0.006500104,5660,1,None,None,Driving
